,raceId,median_gap
0,421,434.0
1,422,286.5
2,423,277.5
3,424,182.0
4,425,187.5
5,426,230.0
6,427,310.5
7,428,191.0
8,429,183.0
9,430,345.0
10,431,249.0
11,432,304.0
12,433,350.0
13,434,138.0
14,435,194.0
15,436,215.0
16,437,439.0
17,438,346.0
18,439,468.0
19,440,194.0
20,441,307.0
21,442,219.0
22,443,352.5
23,444,381.0
24,445,176.0
25,446,416.0
26,447,247.0
27,448,190.0
28,449,203.0
29,450,174.0
30,451,380.0
31,452,190.0
32,453,244.0
33,454,114.0
34,455,131.0
35,456,175.0
36,457,145.0
37,458,172.0
38,459,138.0
39,460,153.0
40,461,260.0
41,462,143.0
42,463,221.0
43,464,226.0
44,465,135.0
45,466,102.0
46,467,123.0
47,468,98.0
48,469,188.0
49,470,121.0
50,471,100.0
51,472,75.0
52,473,95.0
53,474,134.0
54,475,86.0
55,476,127.0
56,477,127.0
57,478,128.0
58,479,52.0
59,480,119.0
60,481,81.0
61,482,92.0
62,483,158.0
63,484,118.0
64,485,83.0
65,486,129.0
66,487,122.0
67,488,87.0
68,489,103.0
69,490,66.0
70,491,98.0
71,492,115.5
72,493,168.0
73,494,128.0
74,495,131.0
75,496,164.0
76,497,104.5
77,498,148.5
78,499,184.5
79,500,108.0
80,501,100.0
81,502,130.0
82,503,153.0
83,504,153.0
84,505,127.0
85,506,113.0
86,507,84.0
87,508,176.0
88,509,158.0
89,510,127.0
90,511,160.0
91,512,192.0
92,513,123.0
93,514,93.0
94,515,123.0
95,516,134.0
96,517,96.0
97,518,86.0
98,519,106.0
99,520,178.0
100,521,138.0
101,522,132.0
102,523,63.0
103,524,138.0
104,525,141.0
105,526,130.0
106,527,123.0
107,528,204.0
108,529,105.0
109,530,97.0
110,531,126.0
111,532,122.0
112,533,164.0
113,534,143.0
114,535,118.0
115,536,113.5
116,537,135.5
117,538,195.5
118,539,129.0
119,540,106.5
120,541,187.0
121,542,141.0
122,543,202.0
123,544,279.0
124,545,130.0
125,546,189.0
126,547,186.0
127,548,197.0
128,549,95.0
129,550,121.0
130,551,183.5
131,552,279.0
132,553,228.0
133,554,110.0
134,555,92.0
135,556,109.0
136,557,187.0
137,558,101.0
138,559,724.0
139,560,114.0
140,561,125.0
141,562,109.0
142,563,105.0
143,564,108.0
144,565,290.5
145,566,231.0
146,567,232.0
147,568,180.0
148,569,332.0
149,570,208.0
150,571,247.0
151,572,240.0
152,573,135.0
153,574,304.0
154,575,402.0
155,576,317.0
156,577,243.0
157,578,270.0
158,579,180.0
159,580,411.5
160,581,211.0
161,582,121.0
162,583,177.0
163,584,145.0
164,585,182.0
165,586,197.0
166,587,97.0
167,588,208.0
168,589,130.0
169,590,191.5
170,591,140.0
171,592,250.5
172,593,160.0
173,594,289.5
174,595,158.0
175,596,148.0
176,597,285.0
177,598,197.0
178,599,118.0
179,600,150.0
180,601,165.5
181,602,95.0
182,603,166.0
183,604,76.0
184,605,142.0
185,606,134.0
186,607,147.0
187,608,125.0
188,609,180.0
189,610,96.0
190,611,66.5
191,612,73.0
192,613,132.0
193,614,117.0
194,615,152.0
195,616,141.0
196,617,257.0
197,618,224.0
198,619,130.0
199,620,119.0
200,621,95.0
201,622,167.0
202,623,111.0
203,624,95.0
204,625,147.0
205,626,156.0
206,627,258.0
207,628,118.0
208,629,120.0
209,630,177.0
210,631,200.0
211,632,122.0
212,633,96.0
213,634,111.0
214,635,74.0
215,636,113.0
216,637,106.0
217,638,194.5
218,639,127.0
219,640,129.0
220,641,121.0
221,642,98.0
222,643,172.0
223,644,72.0
224,645,106.0
225,646,179.0
226,647,88.0
227,648,103.0
228,649,91.0
229,650,73.0
230,651,62.0
231,652,127.5
232,653,135.0
233,654,65.0
234,655,99.0
235,656,49.0
236,657,167.0
237,658,138.0
238,659,117.0
239,660,64.0
240,661,82.0
241,662,111.0
242,663,102.0
243,664,123.0
244,665,192.0
245,666,115.0
246,667,223.0
247,668,95.0
248,669,124.0
249,670,170.0
250,671,131.0
251,672,127.0
252,673,167.5
253,674,191.0
254,675,139.0
255,676,142.0
256,677,274.0
257,678,178.0
258,679,92.0
259,680,161.0
260,681,167.0
261,682,158.0
262,683,87.0
263,684,164.0
264,685,99.5
265,686,79.0
266,687,132.0
267,688,78.0
268,689,163.0
269,690,103.0
270,691,158.0
271,692,109.0
272,693,100.0
273,694,185.0
274,695,132.0
275,696,78.0
276,697,179.5
277,698,132.0
278,699,135.0
279,700,75.0
280,701,138.0
281,702,81.0
282,703,59.0
283,704,169.0
284,705,97.0
285,706,60.0
286,707,117.0
287,708,114.0
288,709,136.0
289,710,91.0
290,711,156.0
291,712,105.0
292,713,127.0
293,714,119.0
294,715,87.0
295,716,160.0
296,717,113.0
297,718,141.0
298,719,118.0
299,720,149.0
300,721,163.0
301,722,118.5
302,723,75.0
303,724,109.0
304,725,144.0
305,726,167.0
306,727,116.0
307,728,94.0
308,729,112.0
309,730,
310,731,104.0
311,732,146.0
312,733,119.0
313,734,186.0
314,735,95.0
315,736,166.0
316,737,96.0
317,738,223.0
318,739,101.0
319,740,228.0
320,741,112.0
321,742,98.0
322,743,168.0
323,744,286.0
324,745,169.0
325,746,135.0
326,747,112.0
327,748,63.0
328,749,117.0
329,750,84.0
330,751,164.0
331,752,129.0
332,753,252.0
333,754,135.0
334,755,195.0
335,756,82.0
336,757,91.0
337,758,131.0
338,759,75.0
339,760,89.0
340,761,101.0
341,762,112.0
342,763,157.0
343,764,140.0
344,765,100.0
345,766,98.0
346,767,160.0
347,768,88.0
348,769,76.0
349,770,125.0
350,771,95.0
351,772,116.0
352,773,104.0
353,774,143.0
354,775,75.0
355,776,59.0
356,777,94.0
357,778,119.0
358,779,128.0
359,780,103.0
360,781,66.0
361,782,155.0
362,783,119.0
363,784,91.0
364,785,79.0
365,786,128.0
366,787,111.0
367,788,137.0
368,789,75.0
369,790,81.0
370,791,107.0
371,792,76.0
372,793,70.0
373,794,78.0
374,795,85.0
375,796,138.0
376,797,70.0
377,798,51.0
378,799,92.0
379,800,79.0
380,801,85.0
381,802,123.0
382,803,49.0
383,804,79.0
384,805,91.0
385,806,58.0
386,807,57.0
387,808,73.0
388,809,99.0
389,810,48.0
390,811,72.0
391,812,52.0
392,813,70.5
393,814,79.0
394,815,72.0
395,816,76.0
396,817,60.0
397,818,110.0
398,819,39.0
399,820,103.0
400,821,165.0
401,822,110.5
402,823,74.5
403,824,173.0
404,825,158.0
405,826,159.0
406,827,124.0
407,828,164.0
408,829,102.0
409,830,147.0
410,831,108.0
411,832,159.0
412,833,152.0
413,834,146.0
414,835,192.0
415,836,119.5
416,837,126.0
417,838,174.0
418,839,135.0
419,840,158.0
420,841,205.0
421,842,172.0
422,843,251.5
423,844,191.5
424,845,152.5
425,846,179.0
426,847,212.0
427,848,241.0
428,849,195.0
429,850,172.0
430,851,377.0
431,852,147.0
432,853,213.0
433,854,145.0
434,855,275.0
435,856,166.0
436,857,196.5
437,858,181.0
438,859,152.0
439,860,110.0
440,861,84.0
441,862,107.0
442,863,148.0
443,864,149.0
444,865,65.0
445,866,64.0
446,867,105.0
447,868,71.0
448,869,82.0
449,870,223.0
450,871,81.0
451,872,233.0
452,873,126.0
453,874,82.0
454,875,140.0
455,876,134.0
456,877,127.0
457,878,139.0
458,879,268.0
459,880,136.0
460,881,169.0
461,882,141.0
462,883,108.0
463,884,140.0
464,885,116.0
465,886,168.0
466,887,107.0
467,888,125.0
468,889,89.0
469,890,77.0
470,891,126.0
471,892,104.0
472,893,162.0
473,894,106.0
474,895,86.0
475,896,103.0
476,897,197.0
477,898,164.0
478,899,157.0
479,900,160.0
480,901,111.0
481,902,136.0
482,903,141.0
483,904,86.0
484,905,134.0
485,906,173.0
486,907,158.0
487,908,153.0
488,909,124.0
489,910,154.0
490,911,168.0
491,912,148.0
492,913,194.0
493,914,98.0
494,915,58.0
495,916,94.0
496,917,173.5
497,918,111.5
498,919,155.0
499,920,261.5
500,921,250.0
501,922,199.0
502,923,142.0
503,924,176.0
504,925,136.5
505,926,144.0
506,927,157.0
507,928,187.0
508,929,123.0
509,930,150.0
510,931,209.0
511,932,356.0
512,933,123.0
513,934,93.0
514,935,212.0
515,936,171.5
516,937,162.0
517,938,135.0
518,939,109.0
519,940,181.0
520,941,157.0
521,942,140.0
522,943,90.0
523,944,40.0
524,945,170.0
525,946,143.0
526,947,107.0
527,948,101.0
528,949,131.0
529,950,192.5
530,951,133.0
531,952,107.0
532,953,172.0
533,954,161.0
534,955,91.0
535,956,117.0
536,957,183.0
537,958,164.0
538,959,228.5
539,960,130.5
540,961,107.0
541,962,117.0
542,963,154.0
543,964,232.0
544,965,117.0
545,966,146.0
546,967,104.0
547,968,209.0
548,969,122.0
549,970,229.0
550,971,135.5
551,972,220.0
552,973,148.0
553,974,128.0
554,975,65.0
555,976,182.0
556,977,152.0
557,978,96.0
558,979,169.0
559,980,134.0
560,981,152.5
561,982,68.5
562,983,96.0
563,984,123.0
564,985,91.0
565,986,150.5
566,987,161.0
567,988,70.0
568,989,173.0
569,990,70.0
570,991,165.0
571,992,243.0
572,993,106.0
573,994,88.0
574,995,109.0
575,996,67.0
576,997,169.0
577,998,117.0
578,999,87.0
579,1000,112.0
580,1001,153.0
581,1002,189.0
582,1003,113.0
583,1004,99.0
584,1005,224.0
585,1006,124.0
586,1007,97.0
587,1008,113.0
588,1009,148.0
589,1010,215.0
590,1011,103.0
591,1012,269.0
592,1013,196.0
593,1014,130.0
594,1015,198.0
595,1016,169.0
596,1017,65.0
597,1018,194.0
598,1019,99.0
599,1020,102.0
600,1021,99.0
601,1022,169.5
602,1023,95.0
603,1024,107.0
604,1025,154.0
605,1026,62.0
606,1027,59.0
607,1028,153.0
608,1029,77.0
609,1030,94.0
610,1031,97.0
611,1032,272.0
612,1033,95.0
613,1034,70.0
614,1035,117.0
615,1036,167.0
616,1037,61.0
617,1038,119.0
618,1039,89.0
619,1040,109.0
620,1041,93.0
621,1042,119.0
622,1043,67.0
623,1044,58.0
624,1045,119.0
625,1046,88.0
626,1047,113.0
627,1048,64.0
628,1049,150.5
629,1050,114.0
630,1051,123.0
631,1052,185.0
632,1053,117.0
633,1054,76.0
634,1055,131.0
635,1056,71.0
636,1057,92.0
637,1058,127.0
638,1059,87.0
639,1060,119.0
640,1061,135.0
641,1062,78.5
642,1063,92.0
643,1064,122.0
644,1065,155.0
645,1066,83.0
646,1067,78.0
647,1068,89.0
648,1069,131.0
649,1070,76.0
650,1071,95.0
651,1072,85.0
652,1073,112.0
653,1074,143.0
654,1075,84.0
655,1076,97.0
656,1077,151.0
657,1078,60.0
658,1079,84.0
659,1080,97.0
660,1081,94.0
661,1082,61.0
662,1083,113.0
663,1084,61.0
664,1085,95.0
665,1086,60.0
666,1087,73.0
667,1088,75.0
668,1089,122.5
669,1090,77.0
670,1091,523.0
671,1092,73.0
672,1093,63.0
673,1094,84.5
674,1095,99.0
675,1096,148.0
676,1097,71.0
677,1098,50.0
678,1099,47.5
679,1100,124.0
680,1101,37.0
681,1102,69.0
682,1103,87.0
683,1104,76.0
684,1105,74.0
685,1106,108.0
686,1107,79.0
687,1108,86.0
688,1109,94.0
689,1110,75.0
690,1111,78.0
691,1112,58.0
692,1113,102.0
693,1114,76.0
694,1115,76.0
695,1116,121.0
696,1117,68.0
697,1118,128.0
698,1119,98.0
699,1120,76.0
700,1121,96.0
701,1122,73.0
702,1123,98.0
703,1124,64.0
704,1125,60.0
