raceId,circuitId,ALPC,totalDNFs,averageCumRacerPoints,qualifyingALPC,averageDriverExpYears,avgDriverRaceCount,topTenDiversity,FRALPC,countryId
421,jacarepagua,2.4444444444444446,15,75.26,0.0,4.36,0.0,6,,brazil
422,jerez,0.5714285714285714,17,76.26,0.0,4.36,1.0,5,,spain
423,imola,1.5,16,74.28846153846153,0.0,4.4,1.92,6,,italy
424,monaco,1.4545454545454546,8,75.25,0.0,5.0,3.0,9,,monaco
425,spa-francorchamps,3.1666666666666665,12,74.38,0.0,4.16,3.64,7,,belgium
426,montreal,1.0909090909090908,12,76.18,0.0,3.9166666666666665,4.416666666666667,6,,canada
427,detroit,1.3333333333333333,15,72.25,0.0,4.0,5.08,7,,united-states-of-america
428,paul-ricard,1.4545454545454546,14,75.17307692307692,0.0,3.923076923076923,6.115384615384615,6,,france
429,brands-hatch,1.5555555555555556,16,76.13461538461539,0.0,3.923076923076923,7.115384615384615,6,,united-kingdom
430,hockenheimring,3.090909090909091,13,68.32692307692308,0.0,3.5384615384615383,7.769230769230769,7,,germany
431,hungaroring,1.3333333333333333,16,69.28846153846153,0.0,3.5384615384615383,8.76923076923077,6,,hungary
432,spielberg,3.6,14,70.25,0.0,3.52,9.92,6,,austria
433,monza,1.4,15,68.68518518518519,0.0,3.4074074074074074,10.11111111111111,6,,italy
434,estoril,1.5,13,69.61111111111111,0.0,3.4074074074074074,11.296296296296296,7,,portugal
435,mexico-city,3.3333333333333335,8,73.13461538461539,0.0,3.4583333333333335,12.833333333333334,7,2.6956521739130435,mexico
436,adelaide,2.6,14,74.09615384615384,0.0,3.5384615384615383,13.615384615384615,7,2.6400000000000006,australia
437,jacarepagua,2.0,8,58.78260869565217,0.0,3.5454545454545454,12.0,6,,brazil
438,imola,2.1666666666666665,12,57.7037037037037,0.0,3.12,11.72,7,,italy
439,spa-francorchamps,0.2222222222222222,16,60.88461538461539,0.0,3.6153846153846154,13.461538461538462,6,,belgium
440,monaco,1.6666666666666667,11,61.84615384615385,0.0,3.875,14.791666666666666,7,,monaco
441,detroit,1.8181818181818181,13,62.80769230769231,0.0,3.6153846153846154,15.384615384615385,7,,united-states-of-america
442,paul-ricard,1.0,16,63.76923076923077,0.0,3.6153846153846154,16.384615384615383,6,,france
443,silverstone,1.25,15,64.73076923076923,0.0,3.56,17.28,6,,united-kingdom
444,hockenheimring,1.6,19,65.6923076923077,0.0,3.6153846153846154,18.346153846153847,6,,germany
445,hungaroring,2.0,12,66.65384615384616,0.0,3.6153846153846154,19.346153846153847,7,,hungary
446,spielberg,1.2857142857142858,9,67.61538461538461,0.0,3.6153846153846154,20.346153846153847,6,,austria
447,monza,2.4,10,120.625,0.0,3.6153846153846154,20.96153846153846,6,,italy
448,estoril,2.6153846153846154,12,66.96296296296296,0.0,3.6153846153846154,21.96153846153846,6,,portugal
449,jerez,4.4,10,65.46428571428571,0.0,3.6153846153846154,22.76923076923077,6,,spain
450,mexico-city,1.25,17,68.81481481481481,0.0,3.6153846153846154,23.807692307692307,6,,mexico
451,suzuka,3.142857142857143,11,69.74074074074075,0.0,3.5384615384615383,23.653846153846153,6,,japan
452,adelaide,2.25,16,66.44444444444444,0.0,3.5384615384615383,24.076923076923077,6,,australia
453,jacarepagua,0.75,16,65.13967741935484,0.0,3.8461538461538463,21.46153846153846,6,2.4000000000000004,brazil
454,imola,2.4444444444444446,7,61.96774193548387,0.0,3.5,21.653846153846153,7,3.3600000000000003,italy
455,monaco,0.6666666666666666,16,62.774193548387096,0.0,4.115384615384615,23.692307692307693,6,3.6000000000000014,monaco
456,mexico-city,2.533333333333333,10,63.58064516129032,0.0,3.9615384615384617,23.96153846153846,6,2.2399999999999998,mexico
457,montreal,2.4615384615384617,12,64.38709677419355,0.0,4.076923076923077,25.46153846153846,7,2.7200000000000006,canada
458,detroit,0.75,17,65.19354838709677,0.0,3.923076923076923,24.384615384615383,6,3.600000000000001,united-states-of-america
459,paul-ricard,0.8,10,66.0,0.0,3.3846153846153846,24.153846153846153,6,2.3200000000000003,france
460,silverstone,3.111111111111111,7,66.80645161290323,0.0,3.730769230769231,26.307692307692307,6,1.6000000000000005,united-kingdom
461,hockenheimring,2.888888888888889,7,67.61290322580645,0.0,3.8461538461538463,28.307692307692307,5,1.4400000000000004,germany
462,hungaroring,1.5,13,68.41935483870968,0.0,4.0,29.46153846153846,6,2.4347826086956523,hungary
463,spa-francorchamps,0.7692307692307693,10,62.83870967741935,0.0,3.9615384615384617,30.96153846153846,6,3.200000000000001,belgium
464,monza,2.0,13,63.32258064516129,0.0,3.6923076923076925,27.923076923076923,6,1.9200000000000004,italy
465,estoril,1.0909090909090908,14,70.83870967741936,0.0,4.0,32.07692307692308,7,2.72,portugal
466,jerez,1.8461538461538463,11,71.64516129032258,0.0,4.0,33.07692307692308,6,5.039999999999999,spain
467,suzuka,2.25,9,76.45161290322581,0.0,3.730769230769231,31.884615384615383,7,4.0,japan
468,adelaide,0.8,15,87.19354838709677,0.0,4.230769230769231,35.57692307692308,7,3.120000000000001,australia
469,jacarepagua,3.230769230769231,11,61.4078947368421,0.0,4.230769230769231,31.653846153846153,7,4.083333333333334,brazil
470,imola,1.8333333333333333,12,59.53846153846154,0.0,4.0,31.384615384615383,7,3.4400000000000004,italy
471,monaco,3.4285714285714284,11,59.21052631578947,0.0,4.615384615384615,31.73076923076923,6,3.3333333333333335,monaco
472,mexico-city,2.7142857142857144,10,60.82051282051282,0.08,5.0,37.15384615384615,7,5.200000000000001,mexico
473,phoenix,2.75,16,61.46153846153846,0.0,4.615384615384615,37.61538461538461,7,5.120000000000001,united-states-of-america
474,montreal,2.2857142857142856,15,62.1025641025641,0.0,5.076923076923077,38.03846153846154,6,3.440000000000001,canada
475,paul-ricard,4.3076923076923075,12,58.96153846153846,0.0,3.8846153846153846,31.846153846153847,7,5.120000000000003,france
476,silverstone,1.6363636363636365,14,58.65384615384615,0.0,3.6923076923076925,32.5,6,4.083333333333333,united-kingdom
477,hockenheimring,1.0909090909090908,14,63.8974358974359,0.0,4.846153846153846,40.34615384615385,6,2.880000000000001,germany
478,hungaroring,3.6666666666666665,13,64.53846153846153,0.0,4.576923076923077,39.65384615384615,8,5.600000000000001,hungary
479,spa-francorchamps,1.4666666666666666,10,65.46153846153847,0.0,4.423076923076923,39.53846153846154,7,5.040000000000001,belgium
480,monza,1.2,15,65.82051282051282,0.0,4.153846153846154,40.30769230769231,6,3.3600000000000003,italy
481,estoril,3.3846153846153846,11,66.46153846153847,0.0,5.076923076923077,44.53846153846154,6,4.08,portugal
482,jerez,1.3333333333333333,16,62.13157894736842,0.0,3.8846153846153846,39.57692307692308,9,4.960000000000002,spain
483,suzuka,1.5555555555555556,15,67.51282051282051,0.0,3.769230769230769,40.61538461538461,7,3.920000000000001,japan
484,adelaide,2.2857142857142856,18,68.28205128205128,0.0,4.384615384615385,42.34615384615385,7,3.4400000000000004,australia
485,phoenix,1.6923076923076923,12,68.57142857142857,0.0,4.230769230769231,34.96153846153846,9,4.320000000000001,united-states-of-america
486,interlagos,2.923076923076923,12,69.4,0.0,4.115384615384615,36.57692307692308,7,3.2800000000000002,brazil
487,imola,1.3333333333333333,13,68.05714285714286,0.0,3.8846153846153846,35.69230769230769,6,2.8000000000000003,italy
488,monaco,0.6666666666666666,18,68.77142857142857,0.0,3.8846153846153846,37.23076923076923,7,3.3600000000000008,monaco
489,montreal,2.3333333333333335,13,69.48571428571428,0.0,4.1923076923076925,40.88461538461539,6,4.24,canada
490,mexico-city,3.8947368421052633,6,70.2,0.0,3.923076923076923,38.34615384615385,7,3.6000000000000005,mexico
491,paul-ricard,3.6470588235294117,7,70.91428571428571,0.0,4.3076923076923075,43.73076923076923,5,3.120000000000001,france
492,silverstone,2.769230769230769,11,71.62857142857143,0.0,4.44,45.12,6,2.9166666666666665,united-kingdom
493,hockenheimring,1.6363636363636365,13,72.34285714285714,0.0,3.8846153846153846,42.65384615384615,6,3.4400000000000004,germany
494,hungaroring,3.875,9,73.05714285714286,0.0,4.3076923076923075,46.53846153846154,6,4.08,hungary
495,spa-francorchamps,2.0,9,78.24242424242425,0.0,4.038461538461538,45.30769230769231,5,3.920000000000001,belgium
496,monza,1.3846153846153846,12,79.0,0.0,4.3076923076923075,48.88461538461539,6,2.3200000000000007,italy
497,estoril,2.142857142857143,10,79.75757575757575,0.0,4.4,49.12,6,3.416666666666667,portugal
498,jerez,0.8888888888888888,15,80.33333333333333,0.0,4.44,50.84,6,3.666666666666667,spain
499,suzuka,1.7777777777777777,15,86.93333333333334,0.0,4.56,48.48,6,2.9999999999999996,japan
500,adelaide,1.5,13,87.76666666666667,0.0,4.038461538461538,45.07692307692308,6,3.2800000000000002,australia
501,phoenix,3.090909090909091,14,79.22058823529412,0.0,4.576923076923077,41.30769230769231,5,3.8400000000000016,united-states-of-america
502,interlagos,1.8333333333333333,13,79.67647058823529,0.0,4.5,41.11538461538461,7,2.8000000000000007,brazil
503,imola,3.8333333333333335,12,78.42647058823529,0.0,4.2,38.88,5,3.9166666666666665,italy
504,monaco,1.8181818181818181,14,78.61764705882354,0.0,4.615384615384615,43.84615384615385,6,3.280000000000001,monaco
505,montreal,2.888888888888889,16,81.91176470588235,0.0,5.115384615384615,47.69230769230769,6,2.880000000000001,canada
506,mexico-city,2.1818181818181817,14,82.67647058823529,0.0,4.769230769230769,46.76923076923077,6,4.240000000000001,mexico
507,magny-cours,1.6363636363636365,14,83.44117647058823,0.0,4.769230769230769,47.69230769230769,6,3.6800000000000006,france
508,silverstone,1.5384615384615385,12,84.20588235294117,0.0,4.769230769230769,48.92307692307692,6,2.6400000000000006,united-kingdom
509,hockenheimring,2.0,13,82.61764705882354,0.0,4.5,48.11538461538461,6,3.2000000000000006,germany
510,hungaroring,2.625,9,83.17647058823529,0.0,4.5,49.11538461538461,7,4.400000000000001,hungary
511,spa-francorchamps,2.6666666666666665,13,83.97058823529412,1.2,4.346153846153846,48.34615384615385,7,3.2800000000000002,belgium
512,monza,1.4666666666666666,10,84.58823529411765,0.0,4.423076923076923,50.34615384615385,6,1.7600000000000007,italy
513,estoril,2.125,8,85.5,0.0,4.6923076923076925,52.19230769230769,6,3.68,portugal
514,catalunya,3.25,9,88.27272727272727,0.0,4.423076923076923,52.73076923076923,6,2.7200000000000006,spain
515,suzuka,1.2,15,91.625,0.0,4.115384615384615,49.73076923076923,5,4.640000000000001,japan
516,adelaide,1.894736842105263,6,70.453125,0.0,4.076923076923077,48.65384615384615,6,2.56,australia
517,kyalami,1.0,13,59.171875,0.0,4.1923076923076925,43.15384615384615,6,2.4000000000000004,south-africa
518,mexico-city,1.3333333333333333,13,59.86666666666667,0.0,4.230769230769231,45.15384615384615,6,4.160000000000001,mexico
519,interlagos,0.4444444444444444,16,59.25806451612903,0.0,4.346153846153846,47.26923076923077,7,3.4400000000000004,brazil
520,catalunya,2.3636363636363638,14,60.4375,0.0,4.1923076923076925,45.88461538461539,6,2.16,spain
521,imola,2.3076923076923075,12,59.03125,0.0,4.346153846153846,48.5,6,2.416666666666667,italy
522,monaco,1.0909090909090908,14,59.84375,0.0,4.6923076923076925,50.92307692307692,6,2.7199999999999998,monaco
523,montreal,1.8461538461538463,11,62.61290322580645,0.0,4.230769230769231,49.88461538461539,5,3.8400000000000007,canada
524,magny-cours,0.4,15,65.06666666666666,0.0,4.346153846153846,51.88461538461539,5,2.960000000000001,france
525,silverstone,1.0,9,62.28125,0.0,4.346153846153846,52.76923076923077,6,2.5600000000000005,united-kingdom
526,hockenheimring,2.0,10,63.09375,0.0,4.1923076923076925,51.46153846153846,6,3.4400000000000004,germany
527,hungaroring,1.0,15,65.96774193548387,0.0,4.230769230769231,52.53846153846154,6,3.0833333333333335,hungary
528,spa-francorchamps,2.588235294117647,8,69.03333333333333,0.0,4.346153846153846,54.73076923076923,6,3.600000000000001,belgium
529,monza,2.2,15,74.35714285714286,0.0,4.1923076923076925,54.07692307692308,6,4.083333333333333,italy
530,estoril,1.0769230769230769,12,81.03846153846153,0.0,4.1923076923076925,56.30769230769231,6,1.9200000000000002,portugal
531,suzuka,2.5714285714285716,11,80.73076923076923,0.0,4.576923076923077,54.76923076923077,6,3.120000000000001,japan
532,adelaide,2.0,13,81.73076923076923,0.0,4.576923076923077,55.76923076923077,7,2.64,australia
533,kyalami,0.6666666666666666,19,206.75,0.0,4.576923076923077,46.80769230769231,6,3.8400000000000007,south-africa
534,interlagos,1.4545454545454546,13,89.3076923076923,0.0,4.48,46.08,6,2.083333333333333,brazil
535,donington,1.6,14,94.1923076923077,0.0,4.84,51.48,5,2.833333333333333,united-kingdom
536,imola,1.5,16,95.1923076923077,0.0,4.4,48.6,6,2.6666666666666665,italy
537,catalunya,1.5384615384615385,10,96.1923076923077,0.0,4.4,49.6,6,2.666666666666667,spain
538,monaco,3.5384615384615383,11,97.1923076923077,0.0,4.84,54.4,6,2.7499999999999996,monaco
539,montreal,2.823529411764706,7,98.1923076923077,0.0,4.4,51.56,6,2.333333333333333,canada
540,magny-cours,2.8,9,99.1923076923077,0.0,4.4,52.56,7,2.2500000000000004,france
541,silverstone,1.8571428571428572,10,100.65384615384616,0.0,4.68,56.08,6,2.999999999999999,united-kingdom
542,hockenheimring,2.75,9,101.65384615384616,0.0,4.923076923076923,58.73076923076923,6,2.3200000000000003,germany
543,hungaroring,2.3636363636363638,14,102.65384615384616,0.0,4.923076923076923,59.73076923076923,6,2.7200000000000006,hungary
544,spa-francorchamps,1.2857142857142858,10,103.65384615384616,0.0,5.08,62.56,7,2.416666666666667,belgium
545,monza,3.5384615384615383,12,99.92307692307692,0.0,4.538461538461538,56.42307692307692,6,4.320000000000001,italy
546,estoril,3.6,10,100.76923076923077,0.0,4.576923076923077,58.23076923076923,6,1.36,portugal
547,suzuka,1.8461538461538463,9,104.89583333333333,0.0,4.166666666666667,54.666666666666664,6,2.8695652173913047,japan
548,adelaide,1.4285714285714286,9,103.0625,0.0,4.166666666666667,55.666666666666664,6,1.3636363636363633,australia
549,interlagos,1.4545454545454546,14,53.392857142857146,0.0,3.1923076923076925,39.42307692307692,7,3.8400000000000007,brazil
550,aida,0.8,15,51.17857142857143,0.0,3.3076923076923075,40.19230769230769,6,3.1200000000000006,japan
551,imola,2.0,12,54.142857142857146,0.0,4.08,48.0,6,1.6666666666666667,italy
552,monaco,1.8,13,38.53846153846154,0.0,3.75,46.125,7,1.2173913043478262,monaco
553,catalunya,1.8,15,37.111111111111114,0.0,3.0384615384615383,39.15384615384615,6,3.25,spain
554,montreal,1.5714285714285714,10,38.592592592592595,0.0,3.5,44.73076923076923,7,2.3200000000000003,canada
555,magny-cours,1.2,15,54.464285714285715,0.0,3.6923076923076925,46.30769230769231,6,2.3200000000000007,france
556,silverstone,0.5333333333333333,9,38.714285714285715,0.0,3.1923076923076925,43.23076923076923,6,2.4166666666666656,united-kingdom
557,hockenheimring,1.7142857142857142,18,39.642857142857146,0.0,3.1923076923076925,44.23076923076923,7,2.0000000000000004,germany
558,hungaroring,2.769230769230769,12,39.92857142857143,0.0,3.4615384615384617,46.73076923076923,8,2.2400000000000007,hungary
559,spa-francorchamps,2.3333333333333335,12,41.714285714285715,0.0,3.4615384615384617,48.15384615384615,7,6.48,belgium
560,monza,2.4444444444444446,16,36.17857142857143,0.0,3.5,47.92307692307692,8,2.960000000000001,italy
561,estoril,1.0666666666666667,9,37.07142857142857,0.0,3.423076923076923,48.11538461538461,7,2.880000000000001,portugal
562,jerez,2.3333333333333335,7,60.607142857142854,0.16,3.6923076923076925,52.03846153846154,8,1.7600000000000007,spain
563,suzuka,1.6666666666666667,13,157.75,0.0,3.1923076923076925,48.0,6,2.4000000000000004,japan
564,adelaide,2.727272727272727,14,59.67857142857143,0.0,3.1153846153846154,46.73076923076923,6,2.8000000000000007,australia
565,interlagos,0.2222222222222222,15,39.13461538461539,0.0,2.64,33.4,6,2.090909090909091,brazil
566,buenos-aires,1.0,14,38.78846153846154,0.0,3.0,37.68,7,3.1666666666666665,argentina
567,imola,1.7333333333333334,10,57.55769230769231,0.0,3.3461538461538463,40.11538461538461,5,1.9200000000000004,italy
568,catalunya,1.2857142857142858,10,61.48076923076923,0.0,3.64,44.48,5,1.7500000000000004,spain
569,monaco,0.8888888888888888,13,46.14,0.0,3.2083333333333335,42.333333333333336,6,1.5652173913043474,monaco
570,montreal,1.0,15,48.520833333333336,0.0,3.2083333333333335,43.333333333333336,5,1.043478260869565,canada
571,magny-cours,1.625,7,49.604166666666664,0.0,3.2083333333333335,44.333333333333336,6,1.4285714285714288,france
572,silverstone,1.8181818181818181,12,50.5,0.0,3.0416666666666665,42.958333333333336,5,1.9130434782608692,united-kingdom
573,hockenheimring,1.25,15,48.083333333333336,0.0,2.6666666666666665,40.0,5,2.2608695652173916,germany
574,hungaroring,2.6666666666666665,11,51.666666666666664,0.6956521739130435,2.4583333333333335,39.125,6,1.391304347826087,hungary
575,spa-francorchamps,2.923076923076923,10,52.75,0.0,2.4583333333333335,40.125,7,3.565217391304349,belgium
576,monza,1.3333333333333333,12,53.833333333333336,0.0,2.1363636363636362,42.77272727272727,6,1.8000000000000005,italy
577,estoril,0.75,7,54.916666666666664,0.0,2.4583333333333335,41.916666666666664,6,1.8260869565217386,portugal
578,nurburgring,1.4285714285714286,9,55.833333333333336,0.0,2.6666666666666665,42.0,6,1.3043478260869563,germany
579,aida,1.5,7,51.8125,0.0,2.5416666666666665,42.791666666666664,7,1.3913043478260867,japan
580,suzuka,1.8181818181818181,11,55.604166666666664,0.0,2.652173913043478,46.73913043478261,6,2.0909090909090904,japan
581,adelaide,0.5714285714285714,14,60.104166666666664,0.0,3.0454545454545454,51.22727272727273,6,1.2380952380952381,australia
582,melbourne,1.2,8,64.63636363636364,0.0,2.789473684210526,45.421052631578945,7,2.6666666666666665,australia
583,interlagos,1.8181818181818181,10,67.0,0.0,2.8181818181818183,45.59090909090909,6,2.1000000000000005,brazil
584,buenos-aires,0.4444444444444444,12,66.18181818181819,0.0,2.8181818181818183,46.59090909090909,6,2.8571428571428568,argentina
585,nurburgring,1.6666666666666667,5,67.36363636363636,0.0,2.95,50.0,6,2.105263157894737,germany
586,imola,2.2,10,68.54545454545455,0.0,2.9047619047619047,49.95238095238095,7,1.5999999999999999,italy
587,monaco,3.0,14,69.72727272727273,0.0,2.9047619047619047,50.95238095238095,6,2.4,monaco
588,catalunya,1.2,13,70.9090909090909,0.0,2.95,53.0,7,2.421052631578947,spain
589,montreal,0.5714285714285714,14,72.0909090909091,0.0,2.8181818181818183,51.27272727272727,5,0.8571428571428572,canada
590,magny-cours,0.9090909090909091,8,73.27272727272727,1.2,2.761904761904762,51.095238095238095,6,3.0,france
591,silverstone,1.0,9,74.45454545454545,0.3157894736842105,2.95,55.95,5,1.263157894736842,united-kingdom
592,hockenheimring,2.3333333333333335,6,83.2,0.0,3.1052631578947367,59.526315789473685,5,1.888888888888889,germany
593,hungaroring,1.7777777777777777,10,84.5,0.0,2.95,57.7,5,1.2631578947368418,hungary
594,spa-francorchamps,1.3333333333333333,9,85.8,0.0,3.1052631578947367,61.526315789473685,5,2.1111111111111107,belgium
595,monza,1.7777777777777777,10,87.1,0.0,2.95,59.65,5,1.5789473684210522,italy
596,estoril,1.4666666666666666,4,88.4,0.0,2.95,60.65,5,2.2105263157894735,portugal
597,suzuka,0.8333333333333334,6,89.7,0.0,3.1052631578947367,64.52631578947368,6,3.222222222222222,japan
598,melbourne,1.5555555555555556,11,138.04166666666666,0.0,3.1904761904761907,49.857142857142854,6,1.8000000000000005,australia
599,interlagos,2.4705882352941178,3,79.68181818181819,0.0,3.3333333333333335,53.95238095238095,7,2.8000000000000003,brazil
600,buenos-aires,1.3333333333333333,12,80.86363636363636,0.0,3.227272727272727,52.54545454545455,7,3.3333333333333335,argentina
601,imola,1.2,10,82.04545454545455,0.0,3.380952380952381,55.95238095238095,6,1.7000000000000006,italy
602,monaco,1.5555555555555556,12,83.22727272727273,0.0,3.227272727272727,54.5,7,3.523809523809523,monaco
603,catalunya,3.142857142857143,7,84.47727272727273,0.0,3.090909090909091,56.0,6,2.571428571428571,spain
604,montreal,2.4,11,68.93181818181819,0.0,2.5454545454545454,48.72727272727273,7,3.7142857142857144,canada
605,magny-cours,1.4545454545454546,10,67.31818181818181,0.0,2.1818181818181817,44.45454545454545,6,2.571428571428571,france
606,silverstone,1.6,11,68.5,0.7619047619047619,2.1818181818181817,45.45454545454545,6,3.0476190476190474,united-kingdom
607,hockenheimring,2.0,11,86.22727272727273,0.0,2.727272727272727,54.59090909090909,5,2.3809523809523805,germany
608,hungaroring,2.8333333333333335,9,87.79545454545455,0.09523809523809523,3.0,58.27272727272727,6,3.333333333333333,hungary
609,spa-francorchamps,2.4285714285714284,6,88.97727272727273,0.0,3.0,59.27272727272727,6,4.571428571428571,belgium
610,monza,1.6923076923076923,8,90.1590909090909,0.0,3.0,60.27272727272727,5,1.047619047619048,italy
611,spielberg,2.769230769230769,7,91.3409090909091,0.0,3.142857142857143,63.80952380952381,6,3.5999999999999988,austria
612,nurburgring,1.1111111111111112,12,94.79545454545455,0.0,3.090909090909091,64.18181818181819,6,1.619047619047619,germany
613,suzuka,1.3333333333333333,7,95.97727272727273,0.0,2.9523809523809526,65.0952380952381,7,3.7999999999999994,japan
614,jerez,1.875,5,96.77272727272727,0.0,2.8181818181818183,63.22727272727273,6,3.904761904761904,spain
615,melbourne,1.25,13,100.95454545454545,0.47619047619047616,2.727272727272727,49.90909090909091,6,1.8095238095238095,australia
616,interlagos,1.2,10,81.22727272727273,0.0,2.727272727272727,50.90909090909091,6,1.4285714285714284,brazil
617,buenos-aires,2.142857142857143,7,82.4090909090909,0.0,2.727272727272727,51.90909090909091,5,2.1904761904761902,argentina
618,imola,1.4,11,83.5909090909091,0.0,2.727272727272727,52.90909090909091,5,2.380952380952381,italy
619,catalunya,1.7333333333333334,5,84.77272727272727,0.0,2.8095238095238093,55.523809523809526,7,1.9000000000000004,spain
620,monaco,2.3636363636363638,9,85.95454545454545,0.0,2.8095238095238093,56.523809523809526,7,3.0,monaco
621,montreal,1.7777777777777777,12,87.13636363636364,0.0,2.727272727272727,55.81818181818182,6,1.9047619047619047,canada
622,magny-cours,3.0,5,88.77272727272727,0.0,2.772727272727273,57.86363636363637,5,1.904761904761905,france
623,silverstone,1.75,13,89.95454545454545,0.0,2.772727272727273,58.86363636363637,6,3.142857142857143,united-kingdom
624,spielberg,1.0909090909090908,10,91.13636363636364,0.0,2.772727272727273,59.86363636363637,9,5.1428571428571415,austria
625,hockenheimring,1.2,5,92.31818181818181,0.0,2.857142857142857,62.61904761904762,5,1.7000000000000004,germany
626,hungaroring,1.8666666666666667,5,93.5,0.0,2.857142857142857,63.61904761904762,5,1.6,hungary
627,spa-francorchamps,1.7142857142857142,10,94.68181818181819,0.0,2.7777777777777777,62.72222222222222,6,1.0588235294117647,belgium
628,monza,2.0,9,95.86363636363636,0.0,2.772727272727273,63.59090909090909,7,3.5238095238095237,italy
629,nurburgring,0.875,5,97.04545454545455,0.0,2.772727272727273,64.5909090909091,5,1.6190476190476193,germany
630,suzuka,1.0909090909090908,9,98.22727272727273,0.0,2.857142857142857,67.47619047619048,5,1.9000000000000001,japan
631,melbourne,2.857142857142857,13,98.27272727272727,0.0,3.4761904761904763,56.95238095238095,6,2.3,australia
632,interlagos,1.0,12,100.13636363636364,0.5,3.6666666666666665,62.38095238095238,5,2.8,brazil
633,imola,2.2,11,101.22727272727273,0.0,3.909090909090909,65.04545454545455,6,2.285714285714285,italy
634,monaco,2.0,13,102.4090909090909,0.0,3.909090909090909,66.04545454545455,7,2.761904761904761,monaco
635,catalunya,0.7272727272727273,9,103.5909090909091,0.0,3.909090909090909,67.04545454545455,8,2.476190476190476,spain
636,montreal,2.6,11,104.0909090909091,0.0,3.727272727272727,64.9090909090909,7,1.4285714285714288,canada
637,magny-cours,3.0,10,105.27272727272727,0.38095238095238093,3.727272727272727,65.9090909090909,8,5.619047619047619,france
638,silverstone,2.533333333333333,5,106.45454545454545,0.0,3.5714285714285716,64.19047619047619,7,1.4,united-kingdom
639,spielberg,3.0,7,82.95454545454545,0.0,3.590909090909091,65.4090909090909,7,2.3809523809523805,austria
640,hockenheimring,1.8,11,84.13636363636364,0.0,3.590909090909091,66.4090909090909,6,2.1904761904761907,germany
641,hungaroring,1.625,5,85.31818181818181,0.0,3.590909090909091,67.4090909090909,6,2.952380952380951,hungary
642,spa-francorchamps,1.7333333333333334,6,86.5,0.0,3.590909090909091,68.4090909090909,5,1.9047619047619047,belgium
643,monza,2.2,11,87.68181818181819,0.0,3.590909090909091,69.4090909090909,6,1.9047619047619047,italy
644,nurburgring,4.444444444444445,12,88.86363636363636,0.0,3.590909090909091,70.4090909090909,7,3.714285714285714,germany
645,sepang,1.4,10,114.27272727272727,0.0,3.857142857142857,75.04761904761905,7,2.3999999999999995,malaysia
646,suzuka,1.3846153846153846,8,115.45454545454545,0.0,3.727272727272727,74.54545454545455,7,2.4761904761904754,japan
647,melbourne,1.25,12,101.1590909090909,0.0,3.8181818181818183,66.72727272727273,7,3.8095238095238093,australia
648,interlagos,1.3333333333333333,9,100.5,0.0,3.75,66.5,7,3.1578947368421053,brazil
649,imola,2.142857142857143,7,101.68181818181819,0.0,3.8181818181818183,68.63636363636364,7,2.4761904761904763,italy
650,silverstone,3.75,5,102.86363636363636,0.0,3.8181818181818183,69.63636363636364,7,5.428571428571429,united-kingdom
651,catalunya,2.875,5,104.04545454545455,1.2380952380952381,3.8181818181818183,70.63636363636364,6,2.1904761904761907,spain
652,nurburgring,2.0,9,105.22727272727273,0.0,4.0,74.80952380952381,7,3.2000000000000006,germany
653,monaco,2.888888888888889,11,106.4090909090909,0.0,4.0,75.0,7,1.6000000000000003,monaco
654,montreal,3.066666666666667,6,107.5909090909091,0.0,3.8181818181818183,73.54545454545455,6,2.761904761904762,canada
655,magny-cours,1.4285714285714286,7,108.77272727272727,0.0,3.8181818181818183,74.54545454545455,6,2.0,france
656,spielberg,1.4545454545454546,10,101.95454545454545,0.0,3.5454545454545454,70.72727272727273,7,3.5,austria
657,hockenheimring,4.0,10,111.13636363636364,0.0,3.8181818181818183,76.5,7,5.333333333333333,germany
658,hungaroring,1.6,6,112.31818181818181,0.0,3.8181818181818183,77.5,7,2.0,hungary
659,spa-francorchamps,1.375,5,113.5,0.0,3.8181818181818183,78.5,6,1.8095238095238095,belgium
660,monza,1.6363636363636365,10,114.68181818181819,0.0,3.8181818181818183,79.5,7,4.285714285714285,italy
661,indianapolis,1.4545454545454546,10,115.86363636363636,0.0,3.8181818181818183,80.5,6,2.761904761904762,united-states-of-america
662,suzuka,1.5714285714285714,7,117.04545454545455,0.0,3.8181818181818183,81.5,6,2.0,japan
663,sepang,1.3333333333333333,9,118.22727272727273,0.0,3.8181818181818183,82.5,7,2.5714285714285707,malaysia
664,melbourne,2.0,8,136.98363636363635,0.0,3.8636363636363638,65.5909090909091,6,2.4761904761904763,australia
665,sepang,1.6923076923076923,8,115.31818181818181,0.0,3.8636363636363638,66.5909090909091,5,2.1904761904761907,malaysia
666,interlagos,2.0,11,116.5,0.0,3.8636363636363638,67.5909090909091,5,2.0000000000000004,brazil
667,imola,1.2727272727272727,10,117.68181818181819,0.0,3.8636363636363638,68.5909090909091,6,4.0,italy
668,catalunya,1.6,6,119.0,0.0,3.909090909090909,70.0909090909091,6,1.8095238095238098,spain
669,spielberg,2.0,10,120.18181818181819,0.0,3.909090909090909,71.0909090909091,6,2.0952380952380953,austria
670,monaco,1.5555555555555556,12,121.36363636363636,0.0,3.909090909090909,72.0909090909091,7,2.095238095238095,monaco
671,montreal,2.6,11,115.45454545454545,0.09523809523809523,3.6818181818181817,68.9090909090909,6,2.2999999999999994,canada
672,nurburgring,1.7142857142857142,7,123.72727272727273,0.0,3.909090909090909,74.04545454545455,5,1.4285714285714286,germany
673,magny-cours,1.875,4,124.9090909090909,0.0,3.6666666666666665,71.28571428571429,6,1.6000000000000003,france
674,silverstone,1.4666666666666666,5,126.0909090909091,0.0,3.9047619047619047,78.61904761904762,5,2.6,united-kingdom
675,hockenheimring,0.8888888888888888,12,120.18181818181819,0.0,3.6818181818181817,72.68181818181819,6,1.8095238095238098,germany
676,hungaroring,0.36363636363636365,10,128.45454545454547,0.0,3.909090909090909,77.9090909090909,6,2.0,hungary
677,spa-francorchamps,3.0,9,129.63636363636363,0.0,3.909090909090909,78.9090909090909,7,3.047619047619047,belgium
678,monza,1.1666666666666667,9,131.6818181818182,0.0,3.727272727272727,78.13636363636364,6,1.904761904761905,italy
679,indianapolis,2.4285714285714284,7,132.0,0.19047619047619047,3.727272727272727,79.13636363636364,6,1.9047619047619049,united-states-of-america
680,suzuka,1.875,5,133.1818181818182,0.0,3.727272727272727,80.13636363636364,6,2.4761904761904754,japan
681,melbourne,1.1428571428571428,12,106.11363636363636,0.0,3.4545454545454546,63.86363636363637,6,1.9047619047619047,australia
682,sepang,3.0,9,106.13636363636364,0.0,3.4545454545454546,64.86363636363636,7,2.2857142857142856,malaysia
683,interlagos,1.8333333333333333,9,107.31818181818181,0.0,3.4545454545454546,65.86363636363636,6,2.380952380952381,brazil
684,imola,1.4,10,108.5,0.0,3.619047619047619,69.76190476190476,6,2.5000000000000004,italy
685,catalunya,3.6363636363636362,7,109.68181818181819,0.5555555555555556,3.5789473684210527,70.10526315789474,6,3.6666666666666665,spain
686,spielberg,1.8181818181818181,10,110.86363636363636,0.0,3.4545454545454546,68.68181818181819,6,1.9047619047619047,austria
687,monaco,1.4545454545454546,10,112.04545454545455,0.0,3.4545454545454546,69.68181818181819,5,3.0476190476190474,monaco
688,montreal,2.142857142857143,7,113.22727272727273,0.0,3.4545454545454546,70.68181818181819,7,2.4761904761904754,canada
689,nurburgring,2.1333333333333333,6,114.4090909090909,0.0,3.4545454545454546,71.68181818181819,6,2.7619047619047623,germany
690,silverstone,2.727272727272727,9,115.5909090909091,0.0,3.619047619047619,75.66666666666667,7,2.235294117647059,united-kingdom
691,magny-cours,1.4,7,116.77272727272727,0.0,3.111111111111111,66.55555555555556,6,1.5294117647058825,france
692,hockenheimring,0.75,12,117.95454545454545,0.0,3.619047619047619,77.47619047619048,7,3.2999999999999994,germany
693,hungaroring,1.7333333333333334,4,123.0,0.0,3.45,74.0,6,2.947368421052631,hungary
694,spa-francorchamps,0.7272727272727273,8,124.3,0.0,3.45,75.0,6,2.3157894736842106,belgium
695,monza,2.3333333333333335,7,125.6,0.0,3.45,76.45,6,1.894736842105263,italy
696,indianapolis,2.1333333333333333,4,134.75,0.0,3.8,83.7,7,3.2222222222222214,united-states-of-america
697,suzuka,1.4,8,128.2,0.0,3.6315789473684212,81.6842105263158,6,2.3333333333333326,japan
698,melbourne,3.6666666666666665,7,144.15,0.0,4.05,72.7,6,5.894736842105262,australia
699,sepang,3.0,6,128.55,0.0,3.9473684210526314,71.42105263157895,7,2.6666666666666665,malaysia
700,interlagos,3.7777777777777777,10,130.5,0.0,4.05,74.65,6,3.263157894736842,brazil
701,imola,1.4285714285714286,5,132.45,0.0,4.05,75.65,7,4.526315789473684,italy
702,catalunya,1.2727272727272727,8,134.4,0.0,4.05,76.65,7,3.789473684210526,spain
703,spielberg,2.1666666666666665,6,136.35,0.0,3.8421052631578947,74.05263157894737,8,5.111111111111111,austria
704,monaco,1.1666666666666667,6,138.3,0.0,4.157894736842105,79.73684210526316,6,1.888888888888889,monaco
705,montreal,1.6,9,140.25,0.0,4.05,79.55,6,5.157894736842105,canada
706,nurburgring,2.5714285714285716,5,142.2,0.0,4.05,80.55,5,3.052631578947368,germany
707,magny-cours,0.6666666666666666,4,144.15,0.0,4.05,81.55,6,1.0588235294117647,france
708,silverstone,2.75,3,146.1,0.0,4.05,82.55,7,5.157894736842104,united-kingdom
709,hockenheimring,2.1666666666666665,7,148.4,0.0,4.05,83.0,5,2.631578947368421,germany
710,hungaroring,1.3333333333333333,7,150.2,0.0,4.05,83.4,6,3.764705882352941,hungary
711,monza,1.0,7,140.2,0.0,3.95,80.4,6,2.666666666666667,italy
712,indianapolis,2.0,9,153.7,0.0,4.05,85.85,5,2.3157894736842106,united-states-of-america
713,suzuka,4.0,4,144.8,0.10526315789473684,3.75,81.2,7,5.473684210526316,japan
714,melbourne,1.6923076923076923,5,137.3,0.0,3.7,68.25,6,2.5263157894736845,australia
715,sepang,1.6,4,139.25,0.0,3.7,69.25,7,3.263157894736842,malaysia
716,bahrain,2.625,3,141.2,0.42105263157894735,3.7,70.25,6,3.157894736842105,bahrain
717,imola,2.933333333333333,4,143.15,0.10526315789473684,3.7,71.25,6,3.1578947368421053,italy
718,catalunya,2.5,7,145.1,0.0,3.7,72.25,7,2.210526315789474,spain
719,monaco,1.1111111111111112,10,147.05,1.0526315789473684,3.7,73.25,6,1.9999999999999996,monaco
720,nurburgring,2.5714285714285716,5,149.0,0.21052631578947367,3.7,74.25,6,3.894736842105263,germany
721,montreal,1.5555555555555556,6,150.95,0.3157894736842105,3.7,74.9,6,3.6842105263157894,canada
722,indianapolis,1.5,10,152.8,0.0,3.789473684210526,77.15789473684211,7,2.555555555555556,united-states-of-america
723,magny-cours,1.8823529411764706,2,142.65,0.0,3.6,72.65,5,3.5789473684210527,france
724,silverstone,2.4,4,144.6,1.5789473684210527,3.6,73.65,7,3.1578947368421053,united-kingdom
725,hockenheimring,2.5,3,146.3,1.0526315789473684,3.4,73.4,6,2.6315789473684217,germany
726,hungaroring,1.1428571428571428,5,147.75,0.0,3.6,74.55,6,3.3684210526315788,hungary
727,spa-francorchamps,3.0,9,149.7,0.0,3.6,75.55,6,4.842105263157895,belgium
728,monza,2.142857142857143,5,151.65,0.3157894736842105,3.6,76.55,5,2.3157894736842097,italy
729,shanghai,2.4,4,170.85,1.0526315789473684,3.95,82.55,7,3.578947368421052,china
730,suzuka,2.6666666666666665,4,178.5,0.0,4.05,88.1,8,5.473684210526316,japan
731,interlagos,1.875,3,176.8,1.0526315789473684,3.8,83.0,7,2.8421052631578947,brazil
732,melbourne,4.375,3,192.8,0.21052631578947367,4.35,80.1,7,7.1764705882352935,australia
733,sepang,1.6666666666666667,7,178.45,0.10526315789473684,4.35,79.35,6,3.2222222222222214,malaysia
734,bahrain,1.1666666666666667,6,171.2,0.5555555555555556,4.684210526315789,84.94736842105263,6,3.111111111111111,bahrain
735,imola,2.5,5,176.85,1.0526315789473684,4.55,81.1,6,3.4736842105263164,italy
736,catalunya,1.5,5,196.66666666666666,0.47058823529411764,4.5,85.05555555555556,7,5.125,spain
737,monaco,3.3846153846153846,4,198.83333333333334,0.23529411764705882,4.5,86.05555555555556,7,4.588235294117647,monaco
738,nurburgring,3.411764705882353,2,189.35,0.0,4.35,84.7,5,3.052631578947368,germany
739,montreal,2.6,8,191.55,0.0,4.35,86.5,6,3.578947368421052,canada
740,indianapolis,0.4,0,179.7,0.0,4.0,75.66666666666667,7,1.2,united-states-of-america
741,magny-cours,2.7142857142857144,5,195.3,1.0526315789473684,4.35,87.8,6,2.31578947368421,france
742,silverstone,2.888888888888889,1,197.25,1.0526315789473684,4.35,88.8,6,3.578947368421053,united-kingdom
743,hockenheimring,4.222222222222222,1,199.05,0.10526315789473684,4.35,89.25,7,3.7894736842105257,germany
744,hungaroring,2.7142857142857144,5,201.0,0.0,4.35,90.25,5,1.7894736842105259,hungary
745,istanbul,2.2857142857142856,5,202.95,0.8421052631578947,4.35,91.25,6,4.0,turkey
746,monza,3.3684210526315788,0,202.4,1.0526315789473684,4.2,88.15,6,3.7777777777777777,italy
747,spa-francorchamps,3.7142857142857144,5,204.35,1.0526315789473684,4.2,89.15,7,3.2941176470588234,belgium
748,interlagos,2.7142857142857144,4,206.3,1.7894736842105263,4.2,90.15,7,4.7368421052631575,brazil
749,suzuka,5.0,2,208.25,0.0,4.2,91.15,7,6.421052631578948,japan
750,shanghai,3.066666666666667,4,210.2,0.0,4.2,92.15,7,2.947368421052631,china
751,bahrain,3.176470588235294,4,221.45454545454547,0.9523809523809523,4.681818181818182,87.13636363636364,7,3.411764705882353,bahrain
752,sepang,3.076923076923077,8,196.63636363636363,4.285714285714286,4.681818181818182,88.13636363636364,7,4.941176470588235,malaysia
753,melbourne,2.6666666666666665,9,198.4090909090909,1.1428571428571428,4.681818181818182,89.13636363636364,7,3.888888888888889,australia
754,imola,2.1333333333333333,6,200.1818181818182,0.6666666666666666,4.681818181818182,90.13636363636364,6,3.222222222222222,italy
755,nurburgring,1.6666666666666667,9,201.95454545454547,2.1904761904761907,4.7727272727272725,90.95454545454545,6,3.75,germany
756,catalunya,1.75,5,203.72727272727272,1.5238095238095237,4.7727272727272725,91.95454545454545,6,4.1,spain
757,monaco,3.25,5,205.5,1.2380952380952381,4.7727272727272725,92.95454545454545,6,5.333333333333333,monaco
758,silverstone,1.6470588235294117,4,207.27272727272728,0.9523809523809523,4.7727272727272725,93.95454545454545,6,3.578947368421052,united-kingdom
759,montreal,2.2857142857142856,7,209.04545454545453,1.4285714285714286,4.7727272727272725,94.95454545454545,6,2.7058823529411757,canada
760,indianapolis,1.25,13,210.8181818181818,1.3333333333333333,4.7727272727272725,95.95454545454545,6,2.666666666666667,united-states-of-america
761,magny-cours,1.0666666666666667,6,199.0909090909091,1.7142857142857142,4.863636363636363,95.5909090909091,6,4.25,france
762,hockenheimring,2.1538461538461537,6,200.86363636363637,1.3333333333333333,4.7727272727272725,96.27272727272727,6,3.3333333333333326,germany
763,hungaroring,3.3333333333333335,8,191.95454545454547,1.2380952380952381,4.363636363636363,89.86363636363636,7,2.875,hungary
764,istanbul,3.142857142857143,6,193.72727272727272,2.0952380952380953,4.363636363636363,90.86363636363636,7,1.894736842105263,turkey
765,monza,2.5,5,195.5,1.1428571428571428,4.363636363636363,91.86363636363636,5,1.5,italy
766,shanghai,2.4,5,196.63636363636363,1.7142857142857142,4.363636363636363,91.13636363636364,6,4.0,china
767,suzuka,2.235294117647059,4,198.4090909090909,0.5714285714285714,4.363636363636363,92.13636363636364,6,3.1578947368421053,japan
768,interlagos,3.0,5,200.1818181818182,1.619047619047619,4.363636363636363,93.13636363636364,6,3.6470588235294117,brazil
769,melbourne,2.75,5,140.13636363636363,1.5238095238095237,4.681818181818182,79.68181818181819,7,3.2631578947368425,australia
770,sepang,3.2941176470588234,4,141.3181818181818,0.9523809523809523,4.681818181818182,80.68181818181819,6,2.6315789473684204,malaysia
771,bahrain,1.0666666666666667,6,143.0909090909091,0.38095238095238093,4.681818181818182,81.68181818181819,7,2.6666666666666665,bahrain
772,catalunya,1.0769230769230769,8,144.86363636363637,0.6666666666666666,4.681818181818182,82.68181818181819,6,3.0476190476190474,spain
773,monaco,2.2222222222222223,3,146.63636363636363,1.9047619047619047,4.681818181818182,83.68181818181819,7,3.5238095238095233,monaco
774,montreal,3.6363636363636362,8,148.4090909090909,0.7619047619047619,4.681818181818182,84.68181818181819,7,3.1999999999999997,canada
775,indianapolis,1.5,5,149.36363636363637,0.6666666666666666,4.681818181818182,85.13636363636364,6,1.9000000000000004,united-states-of-america
776,magny-cours,1.75,5,151.9090909090909,1.1428571428571428,4.681818181818182,86.63636363636364,6,2.952380952380952,france
777,silverstone,2.533333333333333,6,153.6818181818182,0.6666666666666666,4.681818181818182,87.63636363636364,5,3.619047619047619,united-kingdom
778,nurburgring,2.5,9,202.88636363636363,0.8571428571428571,4.636363636363637,86.54545454545455,6,4.000000000000001,germany
779,hungaroring,1.5294117647058822,4,157.0909090909091,1.8095238095238095,4.636363636363637,86.5909090909091,6,2.5714285714285707,hungary
780,istanbul,2.5,1,158.86363636363637,1.8095238095238095,4.636363636363637,87.5909090909091,6,2.666666666666666,turkey
781,monza,1.0526315789473684,2,160.63636363636363,0.47619047619047616,4.636363636363637,88.5909090909091,7,1.8095238095238098,italy
782,spa-francorchamps,0.75,5,162.4090909090909,2.2857142857142856,4.636363636363637,89.5909090909091,7,2.0952380952380953,belgium
783,fuji,3.7142857142857144,7,164.1818181818182,0.8571428571428571,4.636363636363637,90.5909090909091,7,4.095238095238095,japan
784,shanghai,2.875,5,165.95454545454547,1.2380952380952381,4.636363636363637,91.5909090909091,6,1.9000000000000001,china
785,interlagos,1.8461538461538463,8,165.6818181818182,0.47619047619047616,4.2272727272727275,89.45454545454545,6,2.380952380952381,brazil
786,melbourne,1.1428571428571428,13,315.25,1.8095238095238095,4.590909090909091,80.04545454545455,8,5.142857142857142,australia
787,sepang,1.5,5,154.13636363636363,1.5238095238095237,4.590909090909091,81.04545454545455,6,3.904761904761904,malaysia
788,bahrain,2.2222222222222223,3,155.9090909090909,0.6666666666666666,4.590909090909091,82.04545454545455,7,3.9047619047619038,bahrain
789,catalunya,1.1666666666666667,9,157.6818181818182,0.9523809523809523,4.590909090909091,83.04545454545455,6,2.761904761904762,spain
790,istanbul,2.25,3,173.2,1.368421052631579,4.55,86.75,6,4.31578947368421,turkey
791,monaco,4.615384615384615,6,175.15,1.4736842105263157,4.55,87.75,7,2.6315789473684212,monaco
792,montreal,3.8333333333333335,7,177.1,2.0,4.55,88.75,7,3.263157894736842,canada
793,magny-cours,2.2222222222222223,1,179.05,2.1052631578947367,4.55,89.75,6,4.421052631578948,france
794,silverstone,4.166666666666667,7,181.0,1.263157894736842,4.55,90.75,6,3.578947368421052,united-kingdom
795,hockenheimring,2.875,3,182.95,0.5263157894736842,4.55,91.75,7,2.1052631578947367,germany
796,hungaroring,2.9411764705882355,2,184.9,1.4736842105263157,4.55,92.75,6,3.6842105263157894,hungary
797,valencia,1.375,3,186.85,1.6842105263157894,4.55,93.75,6,4.421052631578947,spain
798,spa-francorchamps,3.411764705882353,2,188.8,0.7368421052631579,4.55,94.75,6,2.1052631578947363,belgium
799,monza,4.222222222222222,1,190.75,2.6315789473684212,4.55,95.75,8,6.421052631578949,italy
800,marina-bay,5.285714285714286,5,192.7,1.368421052631579,4.55,96.75,6,5.368421052631579,singapore
801,fuji,3.0,5,194.65,1.4736842105263157,4.55,97.75,6,3.5789473684210518,japan
802,shanghai,1.875,3,196.6,1.4736842105263157,4.55,98.75,6,2.7368421052631584,china
803,interlagos,2.9411764705882355,2,198.55,2.3157894736842106,4.55,99.75,6,3.1578947368421044,brazil
804,melbourne,5.285714285714286,4,174.05,0.9473684210526315,4.75,88.45,6,5.3684210526315805,australia
805,sepang,2.9411764705882355,2,175.7,1.263157894736842,4.75,89.45,7,4.947368421052633,malaysia
806,shanghai,3.25,3,176.675,1.263157894736842,4.75,90.45,8,3.894736842105263,china
807,bahrain,3.2222222222222223,1,178.625,1.4736842105263157,4.75,91.45,7,5.157894736842107,bahrain
808,catalunya,2.1538461538461537,6,180.575,1.263157894736842,4.75,92.45,7,5.052631578947368,spain
809,monaco,1.7142857142857142,5,182.525,1.5789473684210527,4.75,93.45,6,3.263157894736842,monaco
810,istanbul,1.7647058823529411,2,184.475,0.8421052631578947,4.75,94.45,7,4.7368421052631575,turkey
811,silverstone,2.1176470588235294,2,186.425,0.8421052631578947,4.75,95.45,6,3.789473684210526,united-kingdom
812,nurburgring,4.352941176470588,2,188.375,2.8421052631578947,4.75,96.45,6,5.473684210526315,germany
813,hungaroring,2.0,3,190.025,1.5555555555555556,4.684210526315789,95.15789473684211,7,4.999999999999999,hungary
814,valencia,1.7647058823529411,2,175.725,0.9473684210526315,5.2,92.35,7,6.421052631578949,spain
815,spa-francorchamps,2.1538461538461537,6,176.975,1.0526315789473684,5.2,93.35,7,4.947368421052632,belgium
816,monza,3.466666666666667,4,179.175,1.7894736842105263,4.6,93.8,6,4.105263157894736,italy
817,marina-bay,1.8461538461538463,6,181.125,1.894736842105263,4.6,94.8,7,3.473684210526316,singapore
818,suzuka,1.375,2,183.075,2.235294117647059,4.631578947368421,98.94736842105263,8,3.888888888888888,japan
819,interlagos,4.461538461538462,6,182.525,0.631578947368421,4.4,94.95,9,4.842105263157894,brazil
820,yas-marina,1.8823529411764706,2,184.425,1.1578947368421053,4.4,95.95,7,4.105263157894736,united-arab-emirates
821,bahrain,1.625,7,195.89583333333334,0.8695652173913043,4.666666666666667,75.54166666666667,6,2.09090909090909,bahrain
822,melbourne,2.4615384615384617,9,188.14583333333334,0.8181818181818182,4.3478260869565215,70.43478260869566,7,2.1904761904761907,australia
823,sepang,3.411764705882353,5,192.35416666666666,1.7272727272727273,4.434782608695652,77.69565217391305,6,4.8999999999999995,malaysia
824,shanghai,2.375,6,196.5625,0.09090909090909091,4.6521739130434785,80.17391304347827,6,2.095238095238095,china
825,catalunya,2.888888888888889,4,200.77083333333334,0.7272727272727273,4.782608695652174,80.43478260869566,6,1.9000000000000004,spain
826,monaco,1.7142857142857142,9,204.97916666666666,0.09090909090909091,4.666666666666667,80.375,7,3.043478260869565,monaco
827,istanbul,1.5789473684210527,4,209.1875,0.2608695652173913,4.666666666666667,81.375,6,2.272727272727272,turkey
828,montreal,2.6666666666666665,5,213.39583333333334,0.5217391304347826,4.666666666666667,82.375,6,2.6956521739130443,canada
829,valencia,2.8,3,217.60416666666666,0.2608695652173913,4.666666666666667,83.375,5,2.0,spain
830,silverstone,3.263157894736842,4,221.8125,0.9565217391304348,4.833333333333333,84.58333333333333,7,1.2380952380952381,united-kingdom
831,hockenheimring,1.5555555555555556,5,226.02083333333334,0.8695652173913043,4.833333333333333,85.54166666666667,6,1.9999999999999996,germany
832,hungaroring,1.3333333333333333,5,230.22916666666666,0.6086956521739131,4.833333333333333,86.54166666666667,7,1.9090909090909087,hungary
833,spa-francorchamps,4.7368421052631575,4,234.4375,1.565217391304348,4.833333333333333,87.54166666666667,6,3.8260869565217392,belgium
834,monza,1.6842105263157894,4,238.64583333333334,0.9565217391304348,4.833333333333333,88.54166666666667,6,1.727272727272727,italy
835,marina-bay,2.2666666666666666,8,251.10416666666666,0.6086956521739131,4.833333333333333,94.125,7,2.666666666666667,singapore
836,suzuka,1.875,6,254.72916666666666,0.45454545454545453,5.0,97.3913043478261,6,2.3636363636363633,japan
837,yeongam,1.5714285714285714,9,258.9375,0.5217391304347826,4.791666666666667,94.91666666666667,6,2.6363636363636362,south-korea
838,interlagos,3.6363636363636362,1,263.7291666666667,0.6956521739130435,4.833333333333333,97.0,6,3.090909090909091,brazil
839,yas-marina,2.6,3,267.9375,0.34782608695652173,4.833333333333333,98.0,6,1.9090909090909087,united-arab-emirates
840,melbourne,1.0,5,338.25,0.8571428571428571,5.5,96.95454545454545,7,1.3333333333333335,australia
841,sepang,2.75,7,263.6875,0.0,5.458333333333333,93.20833333333333,6,1.3000000000000005,malaysia
842,shanghai,2.6363636363636362,1,267.8958333333333,1.2173913043478262,5.458333333333333,94.20833333333333,7,1.3000000000000003,china
843,istanbul,2.1904761904761907,1,272.1041666666667,0.36363636363636365,5.434782608695652,96.8695652173913,5,2.3157894736842106,turkey
844,catalunya,2.9,3,276.3125,0.45454545454545453,5.458333333333333,96.16666666666667,6,2.7619047619047614,spain
845,monaco,2.7058823529411766,5,280.5208333333333,0.5,5.695652173913044,101.17391304347827,6,2.6666666666666665,monaco
846,montreal,3.0588235294117645,6,286.1041666666667,0.782608695652174,5.916666666666667,101.41666666666667,5,2.0000000000000004,canada
847,valencia,2.0869565217391304,0,288.9375,0.17391304347826086,5.458333333333333,99.08333333333333,6,1.2000000000000002,spain
848,silverstone,2.5555555555555554,5,298.4791666666667,0.0,5.25,99.0,7,1.333333333333334,united-kingdom
849,nurburgring,1.7894736842105263,4,286.875,0.6956521739130435,4.708333333333333,90.29166666666667,6,1.4285714285714288,germany
850,hungaroring,2.6315789473684212,4,301.3541666666667,0.5217391304347826,5.25,100.95833333333333,6,1.4285714285714284,hungary
851,spa-francorchamps,3.888888888888889,5,294.7708333333333,0.782608695652174,4.833333333333333,95.08333333333333,7,4.7272727272727275,belgium
852,monza,1.3333333333333333,8,298.9791666666667,0.2608695652173913,4.833333333333333,96.08333333333333,5,2.0952380952380953,italy
853,marina-bay,1.4,3,303.1875,0.43478260869565216,4.833333333333333,97.08333333333333,5,1.5454545454545454,singapore
854,suzuka,2.6363636363636362,1,307.3958333333333,0.43478260869565216,4.833333333333333,98.08333333333333,6,3.0999999999999996,japan
855,yeongam,1.5,3,311.6041666666667,0.17391304347826086,4.833333333333333,99.08333333333333,6,1.5000000000000002,south-korea
856,buddh,1.8888888888888888,5,314.9375,1.391304347826087,4.833333333333333,97.91666666666667,6,2.090909090909091,india
857,yas-marina,2.0,4,320.0208333333333,0.9090909090909091,4.833333333333333,101.04166666666667,5,1.7,united-arab-emirates
858,interlagos,2.3157894736842106,4,324.2291666666667,0.17391304347826086,4.833333333333333,102.04166666666667,6,1.2222222222222225,brazil
859,melbourne,3.6,6,369.8333333333333,1.3333333333333333,4.636363636363637,81.4090909090909,7,2.1904761904761907,australia
860,sepang,4.761904761904762,2,314.125,0.8695652173913043,5.0,80.20833333333333,6,3.1818181818181808,malaysia
861,shanghai,3.0,1,318.3333333333333,1.4782608695652173,5.0,81.20833333333333,6,3.099999999999999,china
862,bahrain,4.095238095238095,2,322.5416666666667,0.782608695652174,5.0,82.20833333333333,8,3.3636363636363624,bahrain
863,catalunya,1.6666666666666667,5,326.75,2.0,5.0,83.20833333333333,7,4.105263157894737,spain
864,monaco,1.7333333333333334,8,330.9583333333333,1.9130434782608696,5.0,84.20833333333333,6,4.173913043478262,monaco
865,montreal,3.1578947368421053,4,335.1666666666667,0.9565217391304348,5.0,85.20833333333333,6,2.782608695652174,canada
866,valencia,4.333333333333333,4,339.375,0.5454545454545454,4.913043478260869,86.52173913043478,7,3.8999999999999995,spain
867,silverstone,2.7,2,343.5833333333333,4.818181818181818,5.173913043478261,88.95652173913044,7,4.105263157894736,united-kingdom
868,hockenheimring,3.5454545454545454,1,347.7916666666667,4.782608695652174,5.0,88.125,7,3.9999999999999996,germany
869,hungaroring,1.4285714285714286,2,352.0,0.6086956521739131,5.0,89.125,6,1.8000000000000005,hungary
870,spa-francorchamps,2.7058823529411766,6,356.2083333333333,1.1304347826086956,5.0,90.125,7,2.1904761904761902,belgium
871,monza,3.5238095238095237,2,357.25,1.826086956521739,4.958333333333333,91.125,7,3.6,italy
872,marina-bay,2.0,5,364.625,0.5217391304347826,5.0,92.08333333333333,7,3.0909090909090904,singapore
873,suzuka,3.3333333333333335,5,368.8333333333333,2.0869565217391304,5.0,93.08333333333333,5,3.809523809523809,japan
874,yeongam,2.210526315789474,4,373.0416666666667,0.6086956521739131,5.0,94.08333333333333,6,2.3157894736842106,south-korea
875,buddh,2.0952380952380953,2,377.25,0.43478260869565216,5.0,95.08333333333333,7,1.7000000000000004,india
876,yas-marina,3.0,7,381.4583333333333,1.826086956521739,5.0,96.08333333333333,7,2.8888888888888893,united-arab-emirates
877,austin,2.6666666666666665,2,385.6666666666667,0.9565217391304348,5.0,97.08333333333333,7,3.8181818181818175,united-states-of-america
878,interlagos,2.888888888888889,5,389.875,0.8695652173913043,5.0,98.08333333333333,6,2.571428571428571,brazil
879,melbourne,1.7647058823529411,3,344.81045454545455,0.0,4.095238095238095,76.66666666666667,6,1.9000000000000006,australia
880,sepang,2.7058823529411766,4,348.6363636363636,2.1904761904761907,4.0,75.9090909090909,6,2.8571428571428563,malaysia
881,shanghai,1.5294117647058822,4,353.22727272727275,1.4285714285714286,4.0,76.9090909090909,7,3.1,china
882,bahrain,3.7,1,357.8181818181818,1.3333333333333333,4.0,77.9090909090909,6,2.526315789473685,bahrain
883,catalunya,2.888888888888889,3,362.40909090909093,0.5714285714285714,4.0,78.9090909090909,6,3.894736842105263,spain
884,monaco,2.533333333333333,6,367.0,0.19047619047619047,4.0,79.9090909090909,7,4.285714285714285,monaco
885,montreal,3.263157894736842,2,371.59090909090907,2.857142857142857,4.0,80.9090909090909,8,4.3999999999999995,canada
886,silverstone,3.6842105263157894,2,376.1818181818182,1.619047619047619,4.0,81.9090909090909,7,1.9000000000000004,united-kingdom
887,nurburgring,2.111111111111111,3,380.77272727272725,0.7619047619047619,4.0,82.9090909090909,7,2.6999999999999993,germany
888,hungaroring,3.111111111111111,3,385.3636363636364,0.2857142857142857,4.0,83.9090909090909,6,3.0,hungary
889,spa-francorchamps,3.0,3,389.95454545454544,1.619047619047619,4.0,84.9090909090909,6,5.5,belgium
890,monza,1.263157894736842,2,394.54545454545456,0.2857142857142857,4.0,85.9090909090909,6,3.0000000000000004,italy
891,marina-bay,3.263157894736842,2,399.1363636363636,0.19047619047619047,4.0,86.9090909090909,7,2.19047619047619,singapore
892,yeongam,3.263157894736842,2,403.72727272727275,1.2380952380952381,4.0,87.9090909090909,6,2.1052631578947367,south-korea
893,suzuka,2.6666666666666665,3,408.3181818181818,0.5714285714285714,4.0,88.9090909090909,6,2.3,japan
894,buddh,3.2222222222222223,3,412.90909090909093,0.5714285714285714,4.0,89.9090909090909,6,3.0999999999999996,india
895,yas-marina,2.7,1,417.5,1.9047619047619047,4.0,90.9090909090909,7,2.8888888888888893,united-arab-emirates
896,austin,2.0,1,382.8181818181818,1.4285714285714286,3.727272727272727,88.0909090909091,8,3.1111111111111103,united-states-of-america
897,interlagos,2.888888888888889,3,387.40909090909093,3.5238095238095237,3.727272727272727,89.0909090909091,6,3.2222222222222214,brazil
898,melbourne,1.6923076923076923,7,443.84090909090907,3.238095238095238,4.454545454545454,81.5,7,3.7,australia
899,sepang,1.7142857142857142,6,388.4318181818182,2.2,4.571428571428571,83.71428571428571,6,2.5,malaysia
900,bahrain,2.875,5,393.02272727272725,1.3333333333333333,4.454545454545454,83.45454545454545,6,3.0,bahrain
901,shanghai,2.210526315789474,2,397.6136363636364,0.38095238095238093,4.454545454545454,84.45454545454545,7,1.8947368421052633,china
902,catalunya,2.210526315789474,2,402.20454545454544,1.7142857142857142,4.454545454545454,85.45454545454545,7,2.526315789473684,spain
903,monaco,2.3076923076923075,7,406.79545454545456,0.2,4.571428571428571,87.57142857142857,6,1.4000000000000004,monaco
904,montreal,2.4615384615384617,8,411.3863636363636,0.09523809523809523,4.454545454545454,87.4090909090909,6,2.2,canada
905,spielberg,2.2222222222222223,3,415.97727272727275,1.5238095238095237,4.454545454545454,88.4090909090909,7,2.0000000000000004,austria
906,silverstone,3.625,5,420.5681818181818,2.1904761904761907,4.454545454545454,89.4090909090909,5,4.0,united-kingdom
907,hockenheimring,2.1176470588235294,4,425.15909090909093,0.6666666666666666,4.454545454545454,90.4090909090909,7,2.7368421052631575,germany
908,hungaroring,4.0,6,429.75,1.3333333333333333,4.454545454545454,91.4090909090909,7,4.761904761904762,hungary
909,spa-francorchamps,2.823529411764706,4,428.65909090909093,0.19047619047619047,4.2727272727272725,89.18181818181819,5,2.6315789473684212,belgium
910,monza,1.894736842105263,2,438.9318181818182,0.9523809523809523,4.454545454545454,93.36363636363636,6,2.2222222222222223,italy
911,marina-bay,2.0,4,443.52272727272725,0.0,4.476190476190476,95.42857142857143,6,1.5,singapore
912,suzuka,3.1,1,448.1136363636364,1.4285714285714286,4.454545454545454,95.31818181818181,5,1.6842105263157892,japan
913,sochi,2.6666666666666665,2,474.1666666666667,1.3,4.619047619047619,99.28571428571429,6,2.2222222222222223,russia
914,austin,2.0,3,551.8611111111111,1.0588235294117647,5.111111111111111,110.05555555555556,7,1.8666666666666665,united-states-of-america
915,interlagos,2.5,1,557.4722222222222,0.8235294117647058,5.111111111111111,111.05555555555556,5,2.2857142857142856,brazil
916,yas-marina,4.25,3,513.025,3.0526315789473686,4.8,104.55,5,3.294117647058824,united-arab-emirates
917,melbourne,1.2,4,493.325,0.0,5.333333333333333,101.06666666666666,7,1.6666666666666665,australia
918,sepang,2.5714285714285716,4,510.125,3.0,5.052631578947368,95.94736842105263,7,2.3529411764705883,malaysia
919,shanghai,1.375,3,515.175,0.10526315789473684,4.8,92.15,6,2.7777777777777772,china
920,bahrain,2.0,2,520.225,0.2222222222222222,4.315789473684211,83.89473684210526,7,2.235294117647059,bahrain
921,catalunya,1.7647058823529411,2,525.275,0.7368421052631579,4.8,94.1,5,1.875,spain
922,monaco,1.625,3,530.325,1.894736842105263,4.8,95.1,7,2.631578947368421,monaco
923,montreal,2.75,3,535.375,1.0526315789473684,4.8,96.1,6,2.9473684210526314,canada
924,spielberg,1.6923076923076923,6,540.425,1.7894736842105263,4.8,97.1,7,3.222222222222222,austria
925,silverstone,1.1666666666666667,6,545.475,0.2222222222222222,5.052631578947368,102.84210526315789,6,1.7333333333333332,united-kingdom
926,hungaroring,3.7333333333333334,4,550.525,0.10526315789473684,4.8,99.05,6,2.823529411764705,hungary
927,spa-francorchamps,3.066666666666667,3,555.575,1.6666666666666667,4.842105263157895,100.78947368421052,7,3.058823529411765,belgium
928,monza,3.8823529411764706,2,560.625,1.6842105263157894,4.8,101.0,5,2.4444444444444446,italy
929,marina-bay,1.2857142857142858,5,579.675,0.10526315789473684,4.9,101.45,6,2.7368421052631584,singapore
930,suzuka,3.473684210526316,0,570.725,1.5789473684210527,4.9,102.45,7,2.7777777777777777,japan
931,sochi,3.857142857142857,5,575.775,0.8421052631578947,4.8,103.9,7,4.444444444444444,russia
932,austin,2.727272727272727,8,580.825,2.8421052631578947,4.9,104.4,7,4.333333333333333,united-states-of-america
933,mexico-city,1.2,4,585.875,0.7368421052631579,4.9,105.4,6,1.8888888888888888,mexico
934,interlagos,2.1176470588235294,1,590.925,1.6842105263157894,4.9,106.4,6,2.9999999999999996,brazil
935,yas-marina,2.2222222222222223,1,595.975,0.5263157894736842,4.8,107.75,6,2.3333333333333335,united-arab-emirates
936,melbourne,2.6666666666666665,5,545.75,0.8,5.285714285714286,98.52380952380952,6,1.6,australia
937,bahrain,2.625,3,477.96090909090907,0.42105263157894735,4.5,85.65,7,3.1111111111111107,bahrain
938,shanghai,3.0476190476190474,0,554.8409090909091,0.47619047619047616,5.136363636363637,97.54545454545455,6,3.8095238095238098,china
939,sochi,3.2941176470588234,4,559.4318181818181,1.1428571428571428,5.136363636363637,98.54545454545455,6,2.736842105263158,russia
940,catalunya,1.375,5,564.0227272727273,0.2857142857142857,5.136363636363637,99.54545454545455,7,1.5000000000000002,spain
941,monaco,2.0,7,568.6136363636364,0.47619047619047616,5.136363636363637,100.54545454545455,7,2.761904761904762,monaco
942,montreal,2.3333333333333335,3,573.2045454545455,0.8571428571428571,5.136363636363637,101.54545454545455,6,2.857142857142857,canada
943,baku,2.588235294117647,4,577.7954545454545,1.9047619047619047,5.136363636363637,102.54545454545455,6,4.38095238095238,azerbaijan
944,spielberg,3.473684210526316,2,582.3863636363636,3.142857142857143,5.136363636363637,103.54545454545455,7,3.2000000000000006,austria
945,silverstone,2.375,5,586.9772727272727,0.5714285714285714,5.136363636363637,104.54545454545455,7,1.6842105263157892,united-kingdom
946,hungaroring,1.9,1,591.5681818181819,0.19047619047619047,5.136363636363637,105.54545454545455,7,3.263157894736842,hungary
947,hockenheimring,1.894736842105263,2,596.1590909090909,0.7619047619047619,5.136363636363637,106.54545454545455,5,1.6842105263157892,germany
948,spa-francorchamps,4.125,5,601.0227272727273,0.7619047619047619,5.181818181818182,107.0,6,3.5238095238095233,belgium
949,monza,1.0588235294117647,4,605.3409090909091,0.47619047619047616,5.181818181818182,108.0,6,1.8000000000000003,italy
950,marina-bay,2.7058823529411766,3,609.9318181818181,0.7,5.142857142857143,109.57142857142857,7,2.8,singapore
951,sepang,2.4,6,614.5227272727273,0.19047619047619047,5.181818181818182,109.95454545454545,6,2.6666666666666665,malaysia
952,suzuka,2.380952380952381,0,619.1136363636364,1.1428571428571428,5.181818181818182,110.95454545454545,5,3.047619047619047,japan
953,austin,2.1176470588235294,4,623.7045454545455,0.09523809523809523,5.181818181818182,111.95454545454545,6,2.1052631578947367,united-states-of-america
954,mexico-city,2.0,1,628.2954545454545,0.19047619047619047,5.181818181818182,112.95454545454545,6,2.3809523809523805,mexico
955,interlagos,2.4,5,632.8863636363636,0.2,5.142857142857143,114.57142857142857,6,1.888888888888889,brazil
956,yas-marina,1.375,5,637.4772727272727,0.19047619047619047,5.181818181818182,114.9090909090909,6,1.8947368421052626,united-arab-emirates
957,melbourne,0.6666666666666666,7,563.05,1.0526315789473684,5.15,96.05,7,2.222222222222222,australia
958,shanghai,3.142857142857143,5,568.1,0.7368421052631579,5.15,97.05,7,3.578947368421052,china
959,bahrain,2.0,5,573.2,0.0,5.421052631578948,104.05263157894737,6,2.2222222222222223,bahrain
960,sochi,1.6,3,578.25,0.6666666666666666,4.631578947368421,90.6842105263158,6,1.7647058823529413,russia
961,catalunya,3.066666666666667,4,583.3,0.21052631578947367,5.15,100.9,6,2.222222222222222,spain
962,monaco,2.0,5,558.5,1.5789473684210527,5.2,103.3,7,2.31578947368421,monaco
963,montreal,1.8666666666666667,4,593.4,0.10526315789473684,5.15,102.85,6,1.263157894736842,canada
964,baku,2.923076923076923,6,598.45,0.8421052631578947,5.15,103.85,5,2.421052631578947,azerbaijan
965,spielberg,2.0,4,603.5,0.631578947368421,5.15,104.85,6,2.0,austria
966,silverstone,3.125,2,608.55,1.3333333333333333,5.368421052631579,109.89473684210526,7,3.5294117647058822,united-kingdom
967,hungaroring,1.5,3,562.3,0.8421052631578947,4.75,96.7,6,0.875,hungary
968,spa-francorchamps,2.5,3,618.65,1.4736842105263157,5.15,107.75,6,2.3157894736842106,belgium
969,monza,3.0588235294117645,2,623.7,4.421052631578948,5.15,108.75,6,6.3157894736842115,italy
970,marina-bay,1.2727272727272727,8,628.75,0.0,5.15,109.75,6,1.647058823529412,singapore
971,sepang,3.0588235294117645,1,629.25,0.2222222222222222,4.473684210526316,98.84210526315789,6,2.4285714285714284,malaysia
972,suzuka,2.2857142857142856,5,632.25,2.736842105263158,5.0,108.15,6,3.68421052631579,japan
973,austin,2.2666666666666666,4,643.45,2.4210526315789473,5.1,110.85,7,3.411764705882353,united-states-of-america
974,mexico-city,2.7142857142857144,5,641.85,2.8421052631578947,4.95,108.35,6,2.5333333333333337,mexico
975,interlagos,3.2,4,646.9,1.5789473684210527,4.95,109.35,7,3.294117647058823,brazil
976,yas-marina,1.0588235294117647,2,651.95,0.0,4.95,110.35,6,1.5294117647058825,united-arab-emirates
977,melbourne,2.0,5,599.8,1.4736842105263157,5.2,95.95,6,2.31578947368421,australia
978,bahrain,3.0,3,603.4,1.263157894736842,5.2,96.95,7,2.9473684210526314,bahrain
979,shanghai,2.6315789473684212,0,608.45,0.21052631578947367,5.2,97.95,6,1.9999999999999998,china
980,baku,2.769230769230769,6,613.5,0.8421052631578947,5.2,98.95,6,2.9473684210526314,azerbaijan
981,catalunya,0.9230769230769231,6,618.55,0.4444444444444444,5.2,99.95,6,1.2222222222222223,spain
982,monaco,2.7777777777777777,1,623.6,0.3333333333333333,5.2,100.95,7,3.68421052631579,monaco
983,montreal,1.875,3,628.65,0.4444444444444444,5.2,101.95,5,2.888888888888889,canada
984,paul-ricard,2.0,3,633.7,0.9473684210526315,5.2,102.95,6,2.8421052631578947,france
985,spielberg,3.142857142857143,5,638.75,1.368421052631579,5.2,103.95,5,2.111111111111111,austria
986,silverstone,2.0,5,643.8,0.1111111111111111,5.2,104.95,6,1.3684210526315788,united-kingdom
987,hockenheimring,3.8666666666666667,4,648.85,1.368421052631579,5.2,105.95,7,3.5294117647058822,germany
988,hungaroring,1.75,3,653.9,2.6315789473684212,5.2,106.95,6,2.4444444444444438,hungary
989,spa-francorchamps,2.2857142857142856,5,658.95,2.8421052631578947,5.2,107.95,6,4.666666666666666,belgium
990,monza,2.2666666666666666,3,664.0,1.6842105263157894,5.2,108.95,8,3.2222222222222214,italy
991,marina-bay,2.4444444444444446,1,669.05,0.0,5.2,109.95,6,1.789473684210526,singapore
992,sochi,3.176470588235294,2,674.1,3.473684210526316,5.2,110.95,5,3.333333333333333,russia
993,suzuka,2.75,3,679.15,1.894736842105263,5.2,111.95,7,3.777777777777777,japan
994,austin,2.6153846153846154,4,684.2,1.894736842105263,5.2,112.95,7,3.411764705882353,united-states-of-america
995,mexico-city,2.0,4,689.25,1.263157894736842,5.2,113.95,5,2.5,mexico
996,interlagos,2.3529411764705883,2,694.3,1.1578947368421053,5.2,114.95,6,1.25,brazil
997,yas-marina,1.2857142857142858,5,699.35,0.10526315789473684,5.2,115.95,7,1.647058823529412,united-arab-emirates
998,melbourne,2.125,3,635.35,0.8421052631578947,5.55,97.15,7,2.7368421052631575,australia
999,bahrain,3.6666666666666665,1,625.6,0.3157894736842105,5.55,98.15,7,2.4210526315789473,bahrain
1000,shanghai,2.1176470588235294,2,630.7,0.0,5.55,99.15,5,3.5789473684210527,china
1001,baku,1.7333333333333334,4,635.8,3.1578947368421053,5.55,100.15,7,3.529411764705882,azerbaijan
1002,catalunya,1.2941176470588236,2,640.9,0.7368421052631579,5.55,101.15,6,3.052631578947368,spain
1003,monaco,2.3333333333333335,1,646.0,0.7368421052631579,5.55,102.15,7,3.473684210526316,monaco
1004,montreal,1.6470588235294117,2,651.1,1.263157894736842,5.55,103.15,6,2.2222222222222223,canada
1005,paul-ricard,2.3333333333333335,1,656.2,0.5263157894736842,5.55,104.15,6,1.666666666666667,france
1006,spielberg,2.8421052631578947,0,661.3,2.526315789473684,5.55,105.15,6,3.789473684210526,austria
1007,silverstone,2.75,3,666.4,0.8421052631578947,5.55,106.15,6,1.7894736842105259,united-kingdom
1008,hockenheimring,5.384615384615385,6,671.5,1.0526315789473684,5.55,107.15,8,4.315789473684211,germany
1009,hungaroring,2.111111111111111,1,676.6,0.7368421052631579,5.55,108.15,6,1.9999999999999998,hungary
1010,spa-francorchamps,3.8823529411764706,2,681.7,1.894736842105263,5.55,109.15,7,3.222222222222222,belgium
1011,monza,3.5,3,686.8,2.1052631578947367,5.55,110.15,7,4.2105263157894735,italy
1012,marina-bay,2.0,3,691.9,1.7894736842105263,5.55,111.15,6,2.1052631578947367,singapore
1013,sochi,2.7142857142857144,5,696.95,1.263157894736842,5.55,112.15,6,3.2631578947368416,russia
1014,suzuka,2.4705882352941178,1,702.05,0.0,5.55,113.15,6,2.4444444444444446,japan
1015,mexico-city,1.8823529411764706,2,707.15,0.3157894736842105,5.55,114.15,5,1.8888888888888893,mexico
1016,austin,2.235294117647059,2,712.25,0.3157894736842105,5.55,115.15,6,2.5555555555555554,united-states-of-america
1017,interlagos,5.555555555555555,1,717.35,1.0526315789473684,5.55,116.15,7,4.0,brazil
1018,yas-marina,2.6666666666666665,1,722.4,2.0,5.55,117.15,6,3.368421052631579,united-arab-emirates
1019,spielberg,2.6666666666666665,7,695.1,0.42105263157894735,5.7,106.95,6,2.1052631578947367,austria
1020,spielberg,3.25,3,700.15,1.0526315789473684,5.7,107.95,6,3.764705882352941,austria
1021,hungaroring,3.3333333333333335,1,705.25,0.10526315789473684,5.7,108.95,6,1.5294117647058825,hungary
1022,silverstone,2.875,2,705.75,1.1111111111111112,5.578947368421052,106.3157894736842,6,2.3333333333333335,united-kingdom
1023,silverstone,3.2222222222222223,1,710.85,0.3157894736842105,5.75,110.8,7,2.222222222222222,united-kingdom
1024,catalunya,1.2222222222222223,1,720.25,0.5263157894736842,5.7,111.85,6,3.666666666666666,spain
1025,spa-francorchamps,1.0,2,725.35,0.1111111111111111,5.7894736842105265,113.10526315789474,5,3.111111111111111,belgium
1026,monza,3.3333333333333335,4,730.45,0.3157894736842105,5.7,113.8,6,2.0000000000000004,italy
1027,mugello,0.9090909090909091,8,735.55,0.5263157894736842,5.7,114.8,6,3.684210526315789,italy
1028,sochi,2.7058823529411766,2,740.65,0.7368421052631579,5.7,115.8,7,2.1052631578947367,russia
1029,nurburgring,2.4285714285714284,5,765.4,0.0,6.05,122.1,6,,germany
1030,portimao,2.3333333333333335,1,750.65,0.9473684210526315,5.7,117.75,7,1.8947368421052628,portugal
1031,imola,2.7142857142857144,5,755.75,0.0,5.7,118.75,6,2.631578947368421,italy
1032,istanbul,5.125,3,760.85,1.1578947368421053,5.7,119.75,5,5.473684210526316,turkey
1033,bahrain,3.0588235294117645,2,765.95,0.5263157894736842,5.7,120.75,6,1.647058823529412,bahrain
1034,bahrain,3.375,3,564.35,1.0526315789473684,4.6,99.55,7,4.2105263157894735,bahrain
1035,yas-marina,1.4444444444444444,1,756.6,1.894736842105263,5.2,113.75,6,2.235294117647059,united-arab-emirates
1036,bahrain,2.7058823529411766,2,859.15,0.42105263157894735,6.4,116.9,7,3.052631578947368,bahrain
1037,imola,2.375,3,833.9,0.631578947368421,6.4,117.9,7,3.2631578947368425,italy
1038,portimao,2.2222222222222223,1,839.0,1.0526315789473684,6.4,118.9,7,2.111111111111111,portugal
1039,catalunya,1.5555555555555556,1,844.1,0.0,6.4,119.9,5,1.647058823529412,spain
1040,monaco,1.2941176470588236,1,849.2,0.23529411764705882,6.526315789473684,123.94736842105263,7,2.4444444444444446,monaco
1041,baku,4.705882352941177,2,854.3,0.21052631578947367,6.4,121.85,6,3.1578947368421053,azerbaijan
1042,paul-ricard,3.1578947368421053,0,859.35,0.0,6.4,122.85,6,2.2222222222222223,france
1043,spielberg,1.5294117647058822,2,864.45,0.631578947368421,6.4,123.85,8,2.6666666666666665,austria
1044,spielberg,2.7777777777777777,1,869.55,0.8421052631578947,6.4,124.85,7,2.5,austria
1045,silverstone,1.6470588235294117,2,874.65,2.526315789473684,6.4,125.85,6,2.947368421052632,united-kingdom
1046,hungaroring,3.0,6,879.7,1.1111111111111112,6.4,126.85,7,2.4444444444444438,hungary
1047,spa-francorchamps,0.21052631578947367,0,884.8,3.3684210526315788,6.4,127.85,8,5.2631578947368425,belgium
1048,zandvoort,2.1176470588235294,2,807.775,1.5789473684210527,6.15,116.6,7,4.777777777777777,netherlands
1049,monza,2.2857142857142856,4,812.875,3.5555555555555554,6.473684210526316,123.10526315789474,7,5.0,italy
1050,sochi,4.333333333333333,1,897.525,1.7894736842105263,6.4,130.7,7,6.210526315789474,russia
1051,istanbul,4.105263157894737,0,902.625,2.0,6.4,131.7,7,4.2105263157894735,turkey
1052,austin,1.5,3,907.725,2.526315789473684,6.4,132.7,5,3.3684210526315788,united-states-of-america
1053,mexico-city,3.2941176470588234,2,912.825,2.736842105263158,6.4,133.7,7,3.7894736842105265,mexico
1054,interlagos,2.3529411764705883,2,917.875,2.4210526315789473,6.4,134.7,7,3.3684210526315788,brazil
1055,lusail,3.0588235294117645,2,922.975,0.8421052631578947,6.4,135.7,7,2.315789473684211,qatar
1056,jeddah,3.0,5,928.075,0.9473684210526315,6.4,136.7,7,2.210526315789474,saudi-arabia
1057,yas-marina,2.857142857142857,4,933.175,0.0,6.7368421052631575,143.8421052631579,6,2.2352941176470584,united-arab-emirates
1058,bahrain,4.0,1,734.325,0.42105263157894735,6.35,119.85,7,2.105263157894737,bahrain
1059,jeddah,1.5384615384615385,4,739.425,0.23529411764705882,7.0,131.77777777777777,7,1.7647058823529413,saudi-arabia
1060,melbourne,2.0,3,871.525,1.368421052631579,6.55,126.65,5,2.31578947368421,australia
1061,imola,3.411764705882353,2,876.625,2.736842105263158,6.55,127.65,6,5.999999999999998,italy
1062,miami,2.875,3,881.725,0.1111111111111111,6.55,128.65,7,4.947368421052631,united-states-of-america
1063,catalunya,2.7058823529411766,2,886.825,0.631578947368421,6.55,129.65,6,2.875,spain
1064,monaco,1.625,3,891.925,0.21052631578947367,6.55,130.65,6,2.6315789473684212,monaco
1065,baku,1.4666666666666666,4,897.025,0.0,6.55,131.65,6,2.3157894736842106,azerbaijan
1066,montreal,3.5,3,902.125,0.631578947368421,6.55,132.65,7,5.7894736842105265,canada
1067,silverstone,2.769230769230769,6,907.225,1.6842105263157894,6.55,133.65,7,3.894736842105263,united-kingdom
1068,spielberg,2.375,3,912.325,2.9473684210526314,6.55,134.65,6,3.6842105263157894,austria
1069,paul-ricard,2.2666666666666666,4,917.425,2.9473684210526314,6.55,135.65,6,3.6470588235294112,france
1070,hungaroring,4.315789473684211,0,922.525,0.7368421052631579,6.55,136.65,6,3.2222222222222223,hungary
1071,spa-francorchamps,4.470588235294118,2,927.625,5.684210526315789,6.55,137.65,7,4.444444444444444,belgium
1072,zandvoort,2.1176470588235294,2,932.725,0.42105263157894735,6.55,138.65,7,3.2631578947368416,netherlands
1073,monza,4.0,4,927.775,5.578947368421052,6.45,137.0,8,5.76470588235294,italy
1074,marina-bay,2.769230769230769,6,942.825,0.9473684210526315,6.55,140.6,7,4.947368421052631,singapore
1075,suzuka,1.8823529411764706,2,947.875,0.42105263157894735,6.55,141.6,6,2.3157894736842106,japan
1076,austin,3.5,3,952.925,3.1578947368421053,6.55,142.6,7,2.9999999999999996,united-states-of-america
1077,mexico-city,2.3333333333333335,1,958.025,0.631578947368421,6.55,143.6,6,1.4285714285714282,mexico
1078,interlagos,2.875,3,963.125,4.105263157894737,6.55,144.6,7,4.105263157894737,brazil
1079,yas-marina,2.5555555555555554,1,968.225,0.3157894736842105,6.55,145.6,6,1.818181818181818,united-arab-emirates
1080,bahrain,2.875,3,778.175,0.5263157894736842,6.5,123.95,6,3.4736842105263155,bahrain
1081,jeddah,3.176470588235294,2,783.225,2.210526315789474,6.5,124.95,7,4.31578947368421,saudi-arabia
1082,melbourne,4.0,3,788.325,0.3157894736842105,6.5,125.95,7,4.421052631578947,australia
1083,baku,1.8823529411764706,2,793.425,1.0526315789473684,6.5,126.95,6,3.2631578947368416,azerbaijan
1084,miami,3.0526315789473686,0,798.525,1.894736842105263,6.5,127.95,7,3.368421052631579,united-states-of-america
1085,monaco,1.8888888888888888,1,803.625,0.3157894736842105,6.5,128.95,7,5.157894736842105,monaco
1086,catalunya,3.789473684210526,0,808.725,0.8421052631578947,6.5,129.95,7,3.8947368421052637,spain
1087,montreal,3.764705882352941,2,813.825,2.8421052631578947,6.5,130.95,8,4.75,canada
1088,spielberg,2.7777777777777777,1,818.925,0.5263157894736842,6.5,131.95,8,4.2105263157894735,austria
1089,silverstone,2.823529411764706,2,824.025,0.5263157894736842,6.5,132.95,7,4.947368421052633,united-kingdom
1090,hungaroring,3.176470588235294,2,894.375,0.0,7.05,145.0,7,4.631578947368421,hungary
1091,spa-francorchamps,1.411764705882353,2,899.475,0.8421052631578947,7.05,146.0,5,5.789473684210526,belgium
1092,zandvoort,3.375,3,1082.7,0.5263157894736842,6.5,135.3,6,4.705882352941176,netherlands
1093,monza,1.8823529411764706,1,844.325,0.1111111111111111,6.7894736842105265,140.57894736842104,6,2.3529411764705883,italy
1094,marina-bay,4.266666666666667,3,849.375,0.7777777777777778,6.578947368421052,137.31578947368422,7,2.9999999999999996,singapore
1095,suzuka,1.2857142857142858,5,854.475,0.21052631578947367,6.5,138.2,6,2.8421052631578947,japan
1096,lusail,3.25,2,859.575,1.0,6.473684210526316,137.1578947368421,7,4.555555555555555,qatar
1097,austin,2.857142857142857,3,929.925,0.9473684210526315,7.05,151.6,5,4.7368421052631575,united-states-of-america
1098,mexico-city,3.0,3,935.025,0.5263157894736842,7.05,152.6,6,4.857142857142858,mexico
1099,interlagos,2.4615384615384617,5,940.125,1.6666666666666667,7.105263157894737,155.31578947368422,5,7.111111111111112,brazil
1100,las-vegas,5.666666666666667,1,945.225,1.5789473684210527,7.05,154.55,8,4.555555555555555,united-states-of-america
1101,yas-marina,2.210526315789474,0,950.325,0.631578947368421,7.05,155.55,8,2.888888888888889,united-arab-emirates
1102,bahrain,2.4210526315789473,0,955.425,0.21052631578947367,8.0,156.55,6,3.0526315789473686,bahrain
1103,jeddah,1.8823529411764706,2,912.8,0.3157894736842105,7.6,148.35,6,2.222222222222222,saudi-arabia
1104,melbourne,2.375,2,1016.078947368421,0.6666666666666666,8.368421052631579,165.57894736842104,6,2.444444444444444,australia
1105,suzuka,1.5,3,970.425,0.0,8.0,159.45,6,2.0,japan
1106,shanghai,1.875,3,975.525,0.0,8.0,160.45,7,6.315789473684211,china
1107,miami,2.888888888888889,1,980.625,0.7368421052631579,8.0,161.45,6,4.315789473684211,united-states-of-america
1108,imola,1.8888888888888888,1,985.675,0.631578947368421,8.0,162.45,6,2.333333333333334,italy
1109,monaco,0.5333333333333333,4,990.775,1.368421052631579,8.0,163.45,7,4.2105263157894735,monaco
1110,montreal,2.0,5,995.875,0.8421052631578947,8.0,164.45,6,2.999999999999999,canada
1111,catalunya,1.5789473684210527,0,1000.975,0.42105263157894735,8.0,165.45,6,2.4444444444444446,spain
1112,spielberg,3.3684210526315788,0,1006.075,0.0,8.0,166.45,6,4.526315789473683,austria
1113,silverstone,1.411764705882353,1,1011.125,0.0,8.105263157894736,168.8421052631579,7,2.933333333333333,united-kingdom
1114,hungaroring,2.7777777777777777,1,1016.225,0.10526315789473684,8.0,168.4,6,3.1111111111111107,hungary
1115,spa-francorchamps,2.3529411764705883,1,1021.325,1.263157894736842,8.0,169.4,7,3.3684210526315796,belgium
1116,zandvoort,2.6315789473684212,0,1026.425,0.8888888888888888,8.0,170.4,6,4.555555555555555,netherlands
1117,monza,2.0,1,1031.475,0.0,7.95,169.6,6,2.333333333333334,italy
1118,baku,4.111111111111111,1,1027.475,1.368421052631579,7.5,161.7,7,3.1578947368421053,azerbaijan
1119,marina-bay,2.2222222222222223,1,1041.625,1.1578947368421053,7.95,171.55,7,2.421052631578948,singapore
1120,austin,4.0,1,980.775,2.526315789473684,7.4,159.95,7,3.5789473684210527,united-states-of-america
1121,mexico-city,2.0,3,985.825,0.10526315789473684,7.4,160.95,7,3.7142857142857144,mexico
1122,interlagos,3.857142857142857,2,981.575,1.2941176470588236,7.166666666666667,155.27777777777777,7,4.705882352941176,brazil
1123,las-vegas,2.3529411764705883,2,996.025,1.368421052631579,7.4,162.8,7,4.315789473684211,united-states-of-america
1124,lusail,2.4285714285714284,5,1001.125,0.21052631578947367,7.4,163.8,6,5.052631578947368,qatar
1125,yas-marina,3.875,3,997.275,1.4736842105263157,7.0,157.0,8,3.538461538461538,united-arab-emirates
