raceId,Bgap_mean,Bgap_median,Bgap_std,Bgap_var,First_ten_gap,Bgap_average,absoluteDifference
405,651.12,379.0,889.4262114419611,791078.9856,2332.0,651.12,6.0
406,378.7692307692308,299.5,453.0228647390012,205229.71597633135,2611.0,378.7692307692308,5.777777777777778
407,369.0384615384616,189.0,425.4683826967125,181023.34467455625,1370.0,369.0384615384616,5.5
409,416.72,249.0,670.2568773239108,449244.2816,1773.0,416.72,5.529411764705882
411,459.3076923076923,285.0,600.2080260678068,360249.674556213,2218.0,459.3076923076923,5.0
412,423.2692307692308,138.5,775.2013910885107,600937.1967455621,2152.0,423.2692307692308,7.7272727272727275
414,438.037037037037,198.0,850.1046768435172,722677.9615912207,2361.0,438.037037037037,7.3
415,346.48148148148147,176.0,400.2326518201512,160186.1755829904,1985.0,346.48148148148147,5.7
416,428.34615384615387,239.0,648.0053384340698,419910.9186390533,2389.0,428.34615384615387,4.615384615384615
417,445.875,238.0,813.5068281059478,661793.359375,2159.0,445.875,5.230769230769231
418,363.8888888888889,194.0,414.3090931796671,171652.02469135803,2912.0,363.8888888888889,4.666666666666667
419,357.4761904761905,142.0,578.4166087195547,334565.7732426304,2152.0,357.4761904761905,5.571428571428571
421,478.6,388.0,367.5785630310886,135113.99999999997,3793.0,478.6,4.7
422,338.28,263.0,307.97422229790595,94848.1216,3502.0,338.28,3.75
423,361.96153846153845,219.5,471.9867567217432,222771.49852071004,2488.0,361.96153846153845,4.333333333333333
424,262.3076923076923,185.0,217.8050944574016,47439.05917159763,2233.0,262.3076923076923,4.083333333333333
425,475.52,187.0,598.4806175641781,358179.0496,1978.0,475.52,6.083333333333333
427,437.6538461538461,310.5,418.6208990251104,175243.45710059168,3239.0,437.6538461538461,5.3
428,297.61538461538464,185.5,396.2992339637268,157053.0828402367,1348.0,297.61538461538464,3.727272727272727
429,436.84615384615387,181.5,600.3991423857257,360479.13017751486,3343.0,436.84615384615387,4.666666666666667
430,574.8461538461538,326.5,1036.4617582580463,1074252.9763313606,2295.0,574.8461538461538,5.666666666666667
431,443.61538461538464,208.5,588.6121275393418,346464.2366863905,2951.0,443.61538461538464,4.7
432,484.6538461538461,248.5,662.3900746137019,438760.6109467456,2177.0,484.6538461538461,9.181818181818182
433,474.8888888888889,332.0,651.9827499043511,425081.5061728396,2033.0,474.8888888888889,7.818181818181818
434,377.3333333333333,137.0,565.3916374546972,319667.7037037037,2984.0,377.3333333333333,5.6923076923076925
435,368.5769230769231,212.0,502.945338295932,252954.01331360947,2267.0,368.5769230769231,6.3125
436,338.65384615384613,197.5,418.003215142925,174726.68786982246,3317.0,338.65384615384613,5.4
437,758.7826086956521,439.0,904.33270890375,817817.6483931948,4348.0,758.7826086956521,5.083333333333333
438,652.5925925925926,287.0,1358.206804175304,1844725.722908093,3022.0,652.5925925925926,6.461538461538462
439,771.5384615384615,464.0,985.658554968326,971522.7869822488,3755.0,771.5384615384615,10.3
440,345.12,194.0,308.8400647584442,95382.1856,3724.0,345.12,6.461538461538462
441,553.0769230769231,306.5,705.9125530434904,498312.5325443788,4277.0,553.0769230769231,4.583333333333333
442,317.11538461538464,203.0,294.3812712117343,86660.33284023668,2346.0,317.11538461538464,6.666666666666667
443,427.96153846153845,292.0,469.3558171963938,220294.88313609464,2431.0,427.96153846153845,5.666666666666667
445,372.4230769230769,176.0,390.8782195830035,152785.78254437872,3539.0,372.4230769230769,6.5
446,664.4615384615385,415.5,1010.1359097730452,1020374.5562130178,4315.0,664.4615384615385,5.0
447,472.1071428571428,253.5,529.0603759284483,279904.88137755095,3342.0,472.1071428571428,5.0
448,345.4074074074074,190.0,419.2213469313176,175746.53772290814,2863.0,345.4074074074074,5.142857142857143
449,437.9285714285714,165.5,707.3541206784734,500349.8520408163,3350.0,437.9285714285714,6.3125
450,380.44444444444446,174.0,438.3501334620224,192150.83950617284,1758.0,380.44444444444446,8.777777777777779
451,376.6666666666667,349.0,307.6839407694321,94669.4074074074,3329.0,376.6666666666667,5.666666666666667
452,318.7037037037037,190.0,373.7809632723436,139712.2085048011,2323.0,318.7037037037037,8.555555555555555
453,350.6,271.5,353.722075458497,125119.30666666666,3184.0,350.6,4.111111111111111
454,302.3333333333333,207.0,462.0790937587296,213517.08888888883,4372.0,302.3333333333333,3.8333333333333335
455,227.26666666666668,127.5,335.4911755752883,112554.32888888894,4360.0,227.26666666666668,6.3
457,217.8,173.5,209.8365077864193,44031.36000000001,3287.0,217.8,6.142857142857143
458,277.3,206.5,263.28212371269467,69317.47666666667,3204.0,277.3,8.555555555555555
459,173.73333333333332,118.5,215.0440161662,46243.92888888889,2907.0,173.73333333333332,2.6
460,262.56666666666666,142.0,380.0953988437932,144472.51222222223,2729.0,262.56666666666666,6.315789473684211
461,300.0,231.0,294.8344168059986,86927.33333333333,4915.0,300.0,4.157894736842105
462,235.53333333333333,144.5,208.0949676363068,43303.515555555554,2256.0,235.53333333333333,5.461538461538462
463,293.3666666666667,191.0,335.3426589160539,112454.69888888886,4207.0,293.3666666666667,6.384615384615385
464,241.7333333333333,146.5,209.38018583959231,43840.062222222215,3461.0,241.7333333333333,5.3076923076923075
465,196.3,140.5,200.59929378406764,40240.07666666668,2192.0,196.3,8.083333333333334
466,181.2,123.0,188.2598204609789,35441.76,2380.0,181.2,4.066666666666666
467,265.2333333333333,125.0,283.3629808018134,80294.57888888888,2646.0,265.2333333333333,4.882352941176471
468,175.9,97.0,275.30411669037323,75792.35666666664,2738.0,175.9,5.454545454545454
469,241.96666666666667,188.5,207.24630810275545,42951.032222222224,2324.0,241.96666666666667,7.642857142857143
470,192.16666666666663,116.5,260.41723999936886,67817.13888888888,3094.0,192.16666666666663,6.333333333333333
471,210.72413793103448,100.0,272.0977127420024,74037.16527942926,3207.0,210.72413793103448,6.733333333333333
474,143.86666666666667,122.0,138.58420625100908,19205.582222222223,2086.0,143.86666666666667,8.25
475,138.96666666666667,77.0,162.58279600116228,26433.16555555555,1833.0,138.96666666666667,7.0
476,209.6,136.0,334.5786006307038,111942.84,1826.0,209.6,7.583333333333333
477,249.0,176.0,286.67135655078386,82180.46666666666,4588.0,249.0,5.166666666666667
478,219.8,148.5,261.1688342815812,68209.16,2020.0,219.8,5.461538461538462
479,402.3333333333333,94.5,718.7018080462083,516532.2888888888,4997.0,402.3333333333333,4.6875
481,207.0,76.5,376.41466496405263,141688.0,2406.0,207.0,6.5
482,308.1034482758621,145.0,682.4935187176195,465797.4030915577,2276.0,308.1034482758621,2.6
483,308.46666666666664,146.5,601.0617679480945,361275.2488888889,3478.0,308.46666666666664,8.7
484,188.0,82.0,313.701237910638,98408.46666666666,2192.0,188.0,7.125
485,201.0,97.5,223.523568587936,49962.78571428572,1463.0,201.0,5.928571428571429
486,144.63333333333333,112.5,130.96194952054668,17151.03222222222,2032.0,144.63333333333333,4.0
487,196.79310344827587,98.0,217.61170406377732,47354.85374554101,3462.0,196.79310344827587,5.0
488,176.33333333333334,88.0,191.0777037984518,36510.688888888886,2252.0,176.33333333333334,7.571428571428571
489,212.4,103.5,248.04039993517185,61524.04,2261.0,212.4,5.769230769230769
490,169.89655172413794,151.0,156.07675937081598,24359.9548156956,1365.0,169.89655172413794,4.45
491,136.16666666666666,103.0,110.109970282239,12124.205555555553,1416.0,136.16666666666666,5.888888888888889
492,194.76666666666668,114.5,215.8420229910962,46587.7788888889,1880.0,194.76666666666668,6.714285714285714
493,261.1333333333333,228.0,258.550154171724,66848.18222222224,4151.0,261.1333333333333,4.0
494,214.7333333333333,132.5,323.33903087763605,104548.1288888889,1756.0,214.7333333333333,8.058823529411764
495,271.8333333333333,144.0,314.3429213808102,98811.47222222222,3103.0,271.8333333333333,5.0
496,213.96666666666667,162.0,189.5119140200836,35914.765555555554,3023.0,213.96666666666667,5.461538461538462
497,231.96666666666667,129.5,330.45226416063315,109198.69888888887,2116.0,231.96666666666667,3.066666666666667
498,224.2333333333333,109.0,264.4068434985919,69910.97888888889,2223.0,224.2333333333333,6.7
499,279.9,202.5,299.84877855345684,89909.29000000001,3892.0,279.9,6.3
500,248.8,132.5,450.2769814236565,202749.36,2156.0,248.8,3.3076923076923075
501,237.86666666666667,152.5,266.0225220206406,70767.98222222223,3457.0,237.86666666666667,6.333333333333333
502,239.9333333333333,134.0,262.83175015376065,69080.52888888888,2490.0,239.9333333333333,5.0
503,296.1666666666667,173.5,326.2071002020376,106411.0722222222,3468.0,296.1666666666667,9.538461538461538
504,232.24137931034485,106.0,405.85844782025055,164721.07966706302,2420.0,232.24137931034485,6.25
505,163.16666666666666,100.5,155.66996784508208,24233.13888888889,2027.0,163.16666666666666,6.8
506,206.76666666666668,119.0,246.39800910090344,60711.97888888889,1757.0,206.76666666666668,6.583333333333333
507,214.7,119.5,238.82506149899763,57037.41,2461.0,214.7,3.25
508,239.9,164.0,310.26433353943,96263.95666666668,3130.0,239.9,6.142857142857143
509,237.33333333333331,141.5,335.8854302023567,112819.02222222224,3911.0,237.33333333333331,3.769230769230769
510,236.7,85.0,297.784166805423,88675.40999999999,3829.0,236.7,5.0
511,331.1666666666667,147.0,493.815490734028,243853.7388888889,3488.0,331.1666666666667,7.0
512,204.76666666666668,185.5,150.3153758676145,22594.712222222228,2180.0,204.76666666666668,4.5625
513,175.5,122.0,150.292326262299,22587.783333333333,2577.0,175.5,5.529411764705882
514,291.6666666666667,185.0,423.6839492934431,179508.08888888886,1925.0,291.6666666666667,3.823529411764706
515,276.6896551724138,147.0,430.23522863888087,185102.35196195007,3914.0,276.6896551724138,6.7272727272727275
516,174.43333333333334,116.5,172.38361935584894,29716.11222222222,2318.0,174.43333333333334,3.15
517,297.3,140.0,523.0953482237568,273628.74333333335,3058.0,297.3,5.846153846153846
518,290.2,88.0,557.8788040425985,311228.76,3071.0,290.2,6.153846153846154
519,364.73333333333335,115.5,888.3056506005626,789086.9288888888,3335.0,364.73333333333335,7.2
520,252.4333333333333,149.0,272.1669442742001,74074.84555555554,3403.0,252.4333333333333,6.0
521,233.0,196.0,220.03878446007343,48417.066666666666,3201.0,233.0,4.214285714285714
522,208.5,137.5,206.2884307630136,42554.91666666666,3152.0,208.5,6.0
523,201.2333333333333,75.5,278.7948688352942,77726.5788888889,2585.0,201.2333333333333,8.5
524,251.6,125.5,293.8316524814847,86337.04,3074.0,251.6,6.454545454545454
525,325.1333333333333,125.5,457.4864466723456,209293.84888888893,4992.0,325.1333333333333,3.9411764705882355
526,263.7,186.0,280.7154134231559,78801.14333333333,4397.0,263.7,5.6875
527,227.0,157.5,224.72709375299337,50502.26666666667,3289.0,227.0,5.909090909090909
529,182.5,103.0,230.431195184779,53098.53571428572,2433.0,182.5,6.818181818181818
530,214.3846153846154,99.0,235.79783990057064,55600.62130177514,3843.0,214.3846153846154,4.571428571428571
531,382.4230769230769,118.5,666.2990881369049,443954.4748520709,5068.0,382.4230769230769,7.066666666666666
532,197.30769230769232,129.0,219.5615857585939,48207.28994082839,3131.0,197.30769230769232,6.769230769230769
533,347.7307692307692,151.5,593.0257198788851,351679.5044378698,3254.0,347.7307692307692,5.571428571428571
534,227.80769230769232,142.0,266.57601300578256,71062.77071005917,3430.0,227.80769230769232,5.75
535,199.34615384615384,101.5,273.47351753487834,74787.7647928994,2524.0,199.34615384615384,6.181818181818182
536,219.2692307692308,96.0,347.7417872383415,120924.35059171596,2823.0,219.2692307692308,9.0
537,291.8076923076923,135.5,350.83921577475314,123088.15532544376,4661.0,291.8076923076923,4.285714285714286
538,348.3076923076923,195.5,590.2450448904688,348389.21301775146,2689.0,348.3076923076923,6.214285714285714
539,207.5,114.5,270.40101985469937,73116.71153846153,3110.0,207.5,4.944444444444445
540,221.07692307692307,92.5,365.53037578469696,133612.45562130178,2808.0,221.07692307692307,4.1875
541,289.0,115.0,383.41341415480775,147005.84615384616,4071.0,289.0,4.571428571428571
542,208.3846153846154,104.0,229.81364974576127,52814.31360946746,2556.0,208.3846153846154,5.235294117647059
543,308.61538461538464,197.0,343.9524874302662,118303.31360946744,3062.0,308.61538461538464,8.083333333333334
544,335.76,279.0,265.1463414795686,70302.5824,3568.0,335.76,4.533333333333333
545,197.8846153846154,129.5,173.99366189231787,30273.79437869823,2739.0,197.8846153846154,8.928571428571429
546,240.19230769230768,186.0,205.55703292999303,42253.69378698225,3083.0,240.19230769230768,6.6875
547,277.4166666666667,177.5,355.2443896656059,126198.57638888888,2137.0,277.4166666666667,5.133333333333334
548,350.9166666666667,104.0,578.5571793022901,334728.40972222225,2708.0,350.9166666666667,3.2666666666666666
549,249.8148148148148,92.0,352.9468575082737,124571.4842249657,2232.0,249.8148148148148,6.666666666666667
550,258.2857142857143,123.5,338.0234414042546,114259.84693877552,2336.0,258.2857142857143,8.909090909090908
552,476.0,276.0,787.1811523827705,619654.1666666666,3054.0,476.0,5.818181818181818
553,340.85185185185185,189.0,408.7463855274513,167073.60768175585,2061.0,340.85185185185185,7.909090909090909
554,252.88888888888889,117.0,328.44395579575735,107875.43209876542,1799.0,252.88888888888889,5.4
555,240.07142857142856,123.0,401.2367424219618,160990.92346938775,1548.0,240.07142857142856,7.454545454545454
556,269.5357142857143,128.5,334.3192958559716,111769.39158163266,1881.0,269.5357142857143,5.375
557,275.35714285714283,188.0,366.3402218747831,134205.1581632653,2329.0,275.35714285714283,10.375
558,286.32142857142856,96.5,404.0335959838903,163243.14668367346,2694.0,286.32142857142856,7.214285714285714
559,520.2142857142857,340.0,534.9265875628473,286146.4540816326,2163.0,520.2142857142857,6.6923076923076925
560,292.5357142857143,109.0,542.8962991047486,294736.39158163266,1774.0,292.5357142857143,6.5
561,299.7142857142857,148.0,415.1329268304016,172335.34693877553,1392.0,299.7142857142857,5.625
562,266.85714285714283,112.5,343.8274810638234,118217.33673469388,1395.0,266.85714285714283,3.526315789473684
563,336.42857142857144,146.5,619.25314628484,383474.45918367343,1324.0,336.42857142857144,5.615384615384615
565,308.65384615384613,207.5,369.722030960443,136694.3801775148,1833.0,308.65384615384613,5.1
566,540.6538461538462,369.0,548.9849334003545,301384.45710059174,2873.0,540.6538461538462,5.222222222222222
567,359.61538461538464,279.0,326.47253117141025,106584.31360946744,2277.0,359.61538461538464,3.0
568,311.0769230769231,207.0,259.1417674194992,67154.4556213018,2475.0,311.0769230769231,3.466666666666667
569,368.84615384615387,224.5,339.6805843852192,115382.89940828404,2981.0,368.84615384615387,5.7
570,305.0416666666667,159.0,312.2159347800101,97478.78993055556,1980.0,305.0416666666667,7.333333333333333
571,318.3333333333333,227.5,301.4558655738662,90875.63888888888,2330.0,318.3333333333333,2.375
573,426.6666666666667,155.5,631.2492684264188,398475.6388888889,1971.0,426.6666666666667,6.333333333333333
574,399.5,283.0,424.99196070827816,180618.16666666663,3431.0,399.5,5.076923076923077
575,631.0416666666666,310.5,800.5689892802632,640910.7065972221,3756.0,631.0416666666666,6.071428571428571
576,333.6666666666667,235.5,342.6733948755805,117425.05555555556,2079.0,333.6666666666667,8.4
577,509.6666666666667,237.0,1033.6176624952875,1068365.4722222222,2294.0,509.6666666666667,2.176470588235294
578,379.7916666666667,263.5,395.3963179695645,156338.2482638889,2171.0,379.7916666666667,4.733333333333333
579,308.0,173.0,377.1158089146268,142216.33333333334,1639.0,308.0,2.235294117647059
582,441.6363636363636,160.5,801.9609231839477,643141.3223140496,2461.0,441.6363636363636,3.3636363636363638
584,241.13636363636363,197.0,245.02491440195615,60037.20867768596,1712.0,241.13636363636363,3.6
585,313.59090909090907,140.0,365.9946173338556,133952.0599173554,2172.0,313.59090909090907,3.6923076923076925
586,308.8636363636364,212.0,344.6877764341818,118809.6632231405,1895.0,308.8636363636364,4.909090909090909
587,228.95454545454547,97.0,350.2876061535626,122701.4070247934,1607.0,228.95454545454547,5.571428571428571
588,304.90909090909093,177.5,310.34788531155704,96315.80991735536,2420.0,304.90909090909093,4.666666666666667
589,229.54545454545453,149.5,225.95066381699093,51053.70247933885,1273.0,229.54545454545453,3.375
590,211.72727272727272,141.0,276.83818408104264,76639.38016528926,1454.0,211.72727272727272,2.1666666666666665
591,383.1363636363636,207.5,755.27943627475,570447.0268595042,2311.0,383.1363636363636,3.727272727272727
592,372.25,175.0,417.4632768280343,174275.5875,1964.0,372.25,4.076923076923077
593,266.95,130.0,336.8574587269814,113472.94749999998,2307.0,266.95,5.5
594,400.25,289.5,417.19622181894215,174052.6875,2578.0,400.25,4.6
595,281.45,231.5,238.95344211791547,57098.74749999998,1990.0,281.45,4.6
596,264.1,143.5,287.503895625781,82658.48999999999,1994.0,264.1,2.5
597,394.3,290.0,393.8102461846314,155086.51,2691.0,394.3,2.923076923076923
598,529.875,215.0,1012.7954018663723,1025754.5260416666,3501.0,529.875,5.9
599,148.63636363636363,104.0,150.68104346434603,22704.77685950413,1171.0,148.63636363636363,3.0555555555555554
600,204.3636363636364,174.5,189.7990673064892,36023.68595041322,2326.0,204.3636363636364,5.9
601,246.54545454545453,145.0,279.82246437741185,78300.61157024793,1774.0,246.54545454545453,5.636363636363637
602,139.72727272727272,140.5,111.1187660356668,12347.380165289256,1079.0,139.72727272727272,8.4
603,206.13636363636363,159.0,205.0189116453197,42032.75413223141,1969.0,206.13636363636363,3.8
604,133.5909090909091,97.0,150.10228606184427,22530.69628099173,939.0,133.5909090909091,5.0
605,169.63636363636363,122.5,168.90571481115663,28529.14049586777,791.0,169.63636363636363,3.0833333333333335
606,178.5,115.5,203.53930824290427,41428.25,773.0,178.5,5.090909090909091
607,210.27272727272728,144.5,200.3535923897325,40141.56198347109,1336.0,210.27272727272728,4.909090909090909
608,152.1818181818182,136.5,133.7003557361271,17875.78512396694,1466.0,152.1818181818182,5.461538461538462
609,229.77272727272728,179.0,205.44362903420443,42207.0847107438,1960.0,229.77272727272728,4.733333333333333
610,213.04545454545453,96.0,296.06471609380014,87654.31611570249,901.0,213.04545454545453,3.142857142857143
611,179.1818181818182,78.5,396.2637593095649,157024.96694214875,772.0,179.1818181818182,5.214285714285714
612,182.4090909090909,72.5,263.033986585714,69186.87809917355,1018.0,182.4090909090909,6.1
613,202.63636363636363,132.0,196.17583612077695,38484.95867768595,1002.0,202.63636363636363,2.6153846153846154
614,146.77272727272728,83.5,147.03182457555417,21618.357438016534,939.0,146.77272727272728,4.0588235294117645
615,240.5,156.5,230.3082420662282,53041.88636363636,2389.0,240.5,3.0
616,170.6818181818182,120.0,170.6954721569264,29136.94421487603,1669.0,170.6818181818182,2.272727272727273
617,242.0909090909091,217.0,218.66244410691544,47813.26446280992,1984.0,242.0909090909091,3.2
618,250.4090909090909,211.5,204.92030803370395,41992.332644628106,1964.0,250.4090909090909,3.272727272727273
619,258.3636363636364,146.0,299.7460357542919,89847.68595041322,2623.0,258.3636363636364,3.3125
620,269.95454545454544,119.0,371.6249914867415,138105.13429752065,2440.0,269.95454545454544,4.833333333333333
621,164.13636363636363,94.0,169.31796217191365,28668.572314049583,1504.0,164.13636363636363,7.7
622,191.6818181818182,135.0,196.90107953987183,38770.03512396693,1531.0,191.6818181818182,3.823529411764706
624,241.45454545454547,193.5,208.2050403880156,43349.3388429752,2483.0,241.45454545454547,6.666666666666667
625,258.42857142857144,117.0,302.9456294812136,91776.0544217687,1629.0,258.42857142857144,1.8125
626,280.3181818181818,156.0,377.4332435090809,142455.85330578516,2198.0,280.3181818181818,3.125
627,310.8181818181818,194.0,361.42654683950735,130629.1487603306,2507.0,310.8181818181818,7.0
628,187.63636363636363,133.0,171.3039683917943,29345.049586776862,1505.0,187.63636363636363,4.538461538461538
629,193.6818181818182,114.0,202.39192095887,40962.48966942149,1246.0,193.6818181818182,2.125
630,316.6363636363636,177.0,316.1936324835472,99978.4132231405,2787.0,316.6363636363636,1.5833333333333333
631,297.77272727272725,171.5,371.0607560908911,137686.08471074377,2327.0,297.77272727272725,5.5
632,197.23809523809524,130.0,204.32045436657185,41746.84807256236,1806.0,197.23809523809524,5.0
633,208.3181818181818,152.5,211.9329624633988,44915.5805785124,1780.0,208.3181818181818,6.181818181818182
634,198.5,108.5,190.57824687465825,36320.06818181818,1421.0,198.5,2.4444444444444446
635,170.22727272727272,116.0,205.5584260713377,42254.26652892561,1215.0,170.22727272727272,4.333333333333333
636,185.8636363636364,140.0,202.63430909680744,41060.663223140495,1531.0,185.8636363636364,6.454545454545454
637,449.1363636363636,362.0,428.2221487472197,183374.20867768597,3787.0,449.1363636363636,6.181818181818182
638,180.3636363636364,132.5,146.5241356024651,21469.322314049583,1957.0,180.3636363636364,3.75
639,154.95454545454547,75.5,190.76031540622984,36389.4979338843,1896.0,154.95454545454547,4.2
640,148.13636363636363,124.0,145.82938207949024,21266.20867768595,1388.0,148.13636363636363,5.181818181818182
641,168.6818181818182,118.0,159.47681118515357,25432.853305785124,1233.0,168.6818181818182,3.1176470588235294
642,193.1818181818182,88.5,220.26691171552343,48517.51239669421,1835.0,193.1818181818182,2.125
643,185.3181818181818,188.0,170.7215666100365,29145.853305785124,1584.0,185.3181818181818,2.3636363636363638
644,172.1818181818182,136.0,174.68273484016578,30514.057851239668,1055.0,172.1818181818182,6.6
645,224.95454545454547,100.0,258.1987390421866,66666.5888429752,2399.0,224.95454545454547,3.4545454545454546
646,229.3181818181818,150.0,224.87741839896933,50569.85330578512,2251.0,229.3181818181818,3.2142857142857144
647,188.5909090909091,149.5,190.328104046887,36224.78719008264,1462.0,188.5909090909091,5.888888888888889
648,208.72727272727272,66.0,296.14863924881644,87704.01652892563,1404.0,208.72727272727272,5.2
649,165.77272727272728,87.5,220.54579648478327,48640.44834710744,1524.0,165.77272727272728,3.2666666666666666
650,157.77272727272728,71.5,214.54178059257995,46028.17561983471,1322.0,157.77272727272728,5.235294117647059
651,149.22727272727272,69.0,184.32380890412836,33975.26652892562,1396.0,149.22727272727272,3.823529411764706
652,158.45454545454547,106.0,187.34769020405187,35099.15702479339,1301.0,158.45454545454547,4.083333333333333
653,196.3181818181818,106.5,298.466594196469,89082.30785123968,1268.0,196.3181818181818,5.4
654,166.0,108.5,173.16282405979533,29985.36363636364,1493.0,166.0,4.4375
655,121.36363636363636,100.5,102.75192785386535,10557.95867768595,1273.0,121.36363636363636,2.933333333333333
656,136.77272727272728,54.0,181.05647833509695,32781.44834710744,1495.0,136.77272727272728,5.5
657,336.22727272727275,167.5,448.6372225284217,201275.35743801657,2608.0,336.22727272727275,5.5
658,154.13636363636363,151.5,121.973281520826,14877.481404958677,1494.0,154.13636363636363,2.3125
659,188.0909090909091,112.5,218.61795424291063,47793.80991735538,1798.0,188.0909090909091,2.9411764705882355
660,163.1818181818182,69.0,243.2853985013629,59187.78512396693,1044.0,163.1818181818182,6.666666666666667
661,131.5909090909091,77.5,121.9033369261031,14860.42355371901,1218.0,131.5909090909091,4.666666666666667
662,210.77272727272728,102.5,298.28524051776986,88974.0847107438,1504.0,210.77272727272728,3.066666666666667
663,212.77272727272728,76.5,322.4058610760641,103945.53925619836,1591.0,212.77272727272728,3.4615384615384617
664,288.0,157.5,466.2963357429187,217432.27272727276,1723.0,288.0,4.142857142857143
666,136.54545454545453,90.0,138.98879198525566,19317.884297520664,1144.0,136.54545454545453,6.363636363636363
667,237.5909090909091,206.5,225.50945537340536,50854.5144628099,1617.0,237.5909090909091,3.3333333333333335
668,196.4090909090909,90.0,201.65602105180565,40665.15082644629,1031.0,196.4090909090909,4.3125
669,182.8636363636364,120.0,189.9206282669745,36069.84504132231,873.0,182.8636363636364,5.181818181818182
670,216.8636363636364,167.5,190.16698295171716,36163.48140495868,1790.0,216.8636363636364,5.7
671,223.0909090909091,119.0,275.4140534294615,75852.90082644628,1341.0,223.0909090909091,6.090909090909091
672,169.5,129.5,141.18966933622562,19934.522727272728,1478.0,169.5,3.066666666666667
673,159.5909090909091,121.5,135.30727961700867,18308.059917355367,1107.0,159.5909090909091,3.176470588235294
674,275.40909090909093,191.0,355.13398996216387,126120.15082644628,1836.0,275.40909090909093,3.5625
675,209.04545454545453,134.5,220.0248905904485,48410.95247933885,2205.0,209.04545454545453,8.7
676,230.9090909090909,136.5,238.7291940655218,56991.62809917356,2153.0,230.9090909090909,1.6666666666666667
677,551.4545454545455,397.0,544.1014049264854,296046.3388429752,6447.0,551.4545454545455,4.846153846153846
678,238.5,138.0,288.36604736467723,83154.97727272728,1477.0,238.5,4.384615384615385
679,160.86363636363637,84.0,222.16236802977016,49356.11776859504,1097.0,160.86363636363637,4.133333333333334
680,261.90909090909093,144.0,299.1492344346044,89490.26446280991,1902.0,261.90909090909093,3.4705882352941178
682,222.3636363636364,150.5,215.71984050331776,46535.04958677687,2428.0,222.3636363636364,4.230769230769231
683,164.27272727272728,78.0,280.7038526500162,78794.652892562,1329.0,164.27272727272728,4.846153846153846
684,279.54545454545456,164.0,485.6334876195429,235839.88429752068,2025.0,279.54545454545456,2.0
685,229.5909090909091,112.0,354.6012689167304,125742.05991735538,1757.0,229.5909090909091,5.166666666666667
686,193.3636363636364,81.0,236.89440406579035,56118.95867768594,1579.0,193.3636363636364,3.9166666666666665
687,223.77272727272728,113.5,299.52992441463124,89718.17561983471,1616.0,223.77272727272728,5.166666666666667
688,205.04545454545453,117.0,381.1479642621184,145273.77066115706,1852.0,205.04545454545453,3.8666666666666667
689,197.5,154.0,193.45230795869415,37423.795454545456,1483.0,197.5,3.5
690,263.04545454545456,103.0,366.9279688133908,134636.13429752068,2189.0,263.04545454545456,4.25
691,374.1904761904762,158.0,569.8459791112832,324724.43990929704,1385.0,374.1904761904762,4.0
692,244.8181818181818,80.5,397.1464850385968,157725.33057851242,1601.0,244.8181818181818,3.6666666666666665
693,231.3,92.5,269.00745342833903,72365.01000000001,1890.0,231.3,2.375
694,222.2,155.0,198.92224611641603,39570.06,2246.0,222.2,2.8333333333333335
695,242.35,119.0,331.8201734373605,110104.62750000002,2054.0,242.35,4.384615384615385
696,150.95,112.0,148.76070549711707,22129.7475,1163.0,150.95,2.5625
697,247.5,179.5,253.264584969948,64142.95,2112.0,247.5,3.4545454545454546
699,193.3,120.5,337.76502187171485,114085.21,1050.0,193.3,4.384615384615385
700,138.95,69.0,203.64024037503,41469.34749999999,577.0,138.95,5.2
704,252.8421052631579,120.0,379.6755211822874,144153.50138504157,1485.0,252.8421052631579,2.1538461538461537
707,230.0,117.0,265.6531573311336,70571.6,1326.0,230.0,1.875
709,200.35,143.5,175.2413407275806,30709.5275,1499.0,200.35,3.5384615384615383
710,360.95,144.0,578.2754080021041,334402.44749999995,1681.0,360.95,3.0
712,198.7,129.5,276.0721101451575,76215.81,896.0,198.7,6.454545454545454
718,322.4,129.0,451.03152883141104,203429.44,1614.0,322.4,2.769230769230769
719,306.5,117.5,568.7921852487075,323524.55,1054.0,306.5,5.5
723,227.45,88.5,267.84836661812966,71742.7475,780.0,227.45,2.111111111111111
725,254.7,153.0,372.5126977701565,138765.71,1062.0,254.7,3.3529411764705883
727,383.15,322.5,355.63679154440695,126477.52749999995,3403.0,383.15,4.545454545454546
728,242.55,86.5,379.17482445436696,143773.54750000002,960.0,242.55,2.6
733,766.45,252.0,1181.3933923549769,1395690.3475,2245.0,766.45,3.6923076923076925
734,467.95,296.5,473.5265013703034,224227.3475,1863.0,467.95,4.384615384615385
738,307.9,172.5,466.9968843579152,218086.09,1504.0,307.9,3.6666666666666665
740,193.45,74.0,234.52728519300263,55003.0475,930.0,193.45,10.833333333333334
741,196.15,113.5,272.4733519080352,74241.72750000001,1154.0,196.15,3.1333333333333333
746,304.3,176.0,375.8080760175332,141231.71000000002,1388.0,304.3,3.2
747,264.2,105.0,378.1574539791593,143003.05999999997,1680.0,264.2,5.533333333333333
750,269.0,152.5,418.3007291411288,174975.5,1659.0,269.0,3.8125
752,326.95454545454544,84.0,465.4677488361697,216660.2252066116,1059.0,326.95454545454544,4.928571428571429
753,497.04545454545456,260.5,824.2969719305563,679465.4979338844,1485.0,497.04545454545456,6.230769230769231
754,304.6818181818182,119.5,442.7395485511089,196018.3078512397,1181.0,304.6818181818182,2.75
759,201.1818181818182,50.5,413.41049777360695,170908.23966942148,1088.0,201.1818181818182,3.7333333333333334
760,245.45454545454547,126.5,408.4332289118245,166817.70247933883,1499.0,245.45454545454547,4.5
761,169.72727272727272,97.5,227.74211528476712,51866.47107438016,863.0,169.72727272727272,2.25
763,205.0909090909091,132.0,231.132569022217,53422.26446280992,752.0,205.0909090909091,5.846153846153846
764,227.27272727272728,134.5,258.67427426261247,66912.38016528926,1758.0,227.27272727272728,3.2
765,217.0909090909091,89.5,355.1617952799066,126139.90082644628,653.0,217.0909090909091,3.235294117647059
769,300.27272727272725,100.5,542.7281407028236,294553.83471074386,1413.0,300.27272727272725,3.2941176470588234
770,198.0909090909091,130.5,225.09894977561007,50669.53719008264,1538.0,198.0909090909091,3.6666666666666665
771,189.72727272727272,122.0,206.11695308030204,42484.19834710744,1530.0,189.72727272727272,1.75
774,168.63636363636363,110.5,165.06239741783202,27245.595041322315,1114.0,168.63636363636363,5.75
775,121.4090909090909,54.0,140.1708889148298,19647.878099173555,902.0,121.4090909090909,2.6470588235294117
776,141.8181818181818,65.0,294.24582122059974,86580.60330578513,584.0,141.8181818181818,2.6470588235294117
777,156.22727272727272,97.0,173.6181630156408,30143.26652892561,1026.0,156.22727272727272,2.2666666666666666
778,228.54545454545453,114.5,379.5659874685497,144070.3388429752,947.0,228.54545454545453,3.6923076923076925
779,203.3181818181818,134.0,253.9698239704932,64500.67148760332,1138.0,203.3181818181818,1.7777777777777777
780,210.8181818181818,87.5,345.88511444798286,119636.51239669422,1039.0,210.8181818181818,2.380952380952381
781,169.45454545454547,76.0,178.11276491255023,31724.157024793385,1778.0,169.45454545454547,1.4
782,204.8636363636364,155.0,281.0290013268681,78977.29958677685,1410.0,204.8636363636364,1.8823529411764706
783,223.4090909090909,131.5,276.94857728973784,76700.51446280991,1156.0,223.4090909090909,5.333333333333333
784,179.77272727272728,79.5,213.62178383518287,45634.26652892562,1390.0,179.77272727272728,3.823529411764706
785,161.63636363636363,85.0,169.00982904567883,28564.322314049587,957.0,161.63636363636363,3.0714285714285716
786,176.0,132.5,181.3011056477343,32870.09090909091,953.0,176.0,5.0
787,149.6818181818182,125.5,147.11386633972165,21642.489669421488,952.0,149.6818181818182,2.588235294117647
788,206.22727272727272,96.5,335.9443855242848,112858.63016528926,1174.0,206.22727272727272,2.473684210526316
789,132.36363636363637,85.5,163.18409722389268,26629.049586776862,400.0,132.36363636363637,3.3076923076923075
790,116.55,80.0,119.57695221069986,14298.647499999995,620.0,116.55,2.2941176470588234
791,135.65,94.5,139.30372392725187,19405.527500000004,729.0,135.65,4.5
792,350.3157894736842,114.0,962.3889711836664,926192.5318559556,982.0,350.3157894736842,4.454545454545454
793,101.45,69.5,136.5724990618536,18652.0475,663.0,101.45,2.1052631578947367
794,117.4,86.0,128.4917896209715,16510.14,578.0,117.4,4.333333333333333
795,118.0,85.0,102.53584739007134,10513.6,878.0,118.0,3.5294117647058822
796,152.25,134.0,116.2952600065884,13524.5875,1063.0,152.25,3.0
797,105.05,69.5,130.28064898518122,16973.047499999997,494.0,105.05,1.75
798,120.5,50.5,172.26070358616326,29673.75,777.0,120.5,3.8333333333333335
799,110.15,55.0,118.07763336042946,13942.327500000005,692.0,110.15,4.631578947368421
801,131.15,82.5,153.6145419548553,23597.4275,815.0,131.15,3.933333333333333
802,139.6,107.5,168.04951651224707,28240.64,768.0,139.6,2.7058823529411766
803,87.0,51.0,101.82043016998112,10367.4,339.0,87.0,2.7058823529411766
805,116.15,80.0,115.08226405489248,13243.927500000002,922.0,116.15,3.1666666666666665
806,127.1,52.0,206.7302348472521,42737.39,835.0,127.1,3.5294117647058822
807,84.25,112.0,59.29997892073825,3516.4875,692.0,84.25,3.1578947368421053
808,112.5,69.5,122.7540223373556,15068.55,555.0,112.5,2.5
809,113.7,78.0,113.38434636227348,12856.010000000002,1065.0,113.7,2.9285714285714284
810,95.1,44.0,102.0930457964694,10422.989999999998,457.0,95.1,1.9444444444444444
811,105.85,64.0,113.23704120118998,12822.6275,672.0,105.85,2.235294117647059
812,115.1,53.0,239.83221218176675,57519.48999999999,514.0,115.1,4.5
813,100.05,60.5,127.7385904885442,16317.147499999995,468.0,100.05,2.875
814,166.85,69.5,321.8627463686968,103595.62750000002,706.0,166.85,2.0
815,122.7,53.0,184.36650997401887,33991.009999999995,544.0,122.7,3.2857142857142856
816,99.8,56.5,152.65896632690792,23304.76,590.0,99.8,4.125
817,129.75,55.0,179.19873743974873,32112.1875,645.0,129.75,2.9285714285714284
818,91.89473684210526,48.0,96.71384527065403,9353.567867036012,919.0,91.89473684210526,1.625
820,124.45,95.5,105.30359680466762,11088.847500000003,966.0,124.45,1.8888888888888888
821,459.2083333333333,195.5,745.2027676616315,555327.1649305555,1285.0,459.2083333333333,2.0
822,278.9166666666667,110.5,464.0772131038349,215367.65972222225,1166.0,278.9166666666667,4.071428571428571
823,570.5833333333334,213.0,943.6367996863104,890450.4097222221,1955.0,570.5833333333334,5.411764705882353
824,250.83333333333331,131.0,415.19650635438745,172388.1388888889,1107.0,250.83333333333331,3.25
825,296.9583333333333,107.0,390.9384520150057,152832.8732638889,1730.0,296.9583333333333,3.4210526315789473
826,249.2608695652174,158.0,294.00727843568245,86440.27977315692,1235.0,249.2608695652174,2.5714285714285716
827,240.20833333333331,109.5,280.47340622102166,78665.33159722223,1139.0,240.20833333333331,2.3
829,219.33333333333331,106.0,331.6780148812332,110010.30555555556,936.0,219.33333333333331,3.5714285714285716
830,306.375,145.0,455.3258734595111,207321.65104166663,1511.0,306.375,4.3
832,320.0,136.0,444.1068752751602,197230.91666666663,2502.0,320.0,3.4210526315789473
834,210.75,123.5,315.44403227831083,99504.9375,1180.0,210.75,2.35
836,274.1666666666667,117.0,391.2687340207778,153091.22222222216,1061.0,274.1666666666667,4.882352941176471
837,320.75,122.5,381.79774859647006,145769.52083333334,1413.0,320.75,4.866666666666666
838,388.5833333333333,254.0,402.911582180949,162337.7430555556,3186.0,388.5833333333333,3.6363636363636362
839,245.91666666666663,133.0,340.55076917970524,115974.82638888888,1264.0,245.91666666666663,3.142857142857143
840,448.5,186.5,587.5788599555524,345248.9166666667,2283.0,448.5,3.142857142857143
841,321.0,196.0,402.0380371722722,161634.58333333334,1821.0,321.0,3.1176470588235294
842,280.7916666666667,155.5,334.16649781791244,111667.24826388888,1857.0,280.7916666666667,2.8260869565217392
844,329.3478260869565,289.0,292.8085305088504,85736.83553875236,1907.0,329.3478260869565,3.1904761904761907
845,235.45454545454547,119.5,283.425912601308,80330.2479338843,1989.0,235.45454545454547,4.277777777777778
846,266.6666666666667,157.5,366.0711072395028,134008.05555555556,1071.0,266.6666666666667,4.9411764705882355
847,307.8333333333333,169.5,350.1908606587112,122633.63888888888,2059.0,307.8333333333333,2.0
848,319.1666666666667,247.0,285.2327509635284,81357.72222222223,1977.0,319.1666666666667,4.105263157894737
849,289.875,185.5,371.890475868456,138302.52604166666,2101.0,289.875,2.45
850,278.9583333333333,167.5,366.1996813177508,134102.20659722225,2342.0,278.9583333333333,3.3
852,248.16666666666663,144.0,281.2990204193553,79129.13888888888,1882.0,248.16666666666663,3.3333333333333335
853,351.2083333333333,211.0,376.0795548779836,141435.83159722225,3105.0,351.2083333333333,2.0
856,411.1666666666667,169.0,670.7758981623859,449940.3055555556,2011.0,411.1666666666667,2.8947368421052633
857,292.39130434782606,190.0,299.2519280574893,89551.71644612479,2120.0,292.39130434782606,2.05
858,214.25,182.5,261.0259006944202,68134.52083333333,1653.0,214.25,2.85
859,363.375,167.0,502.42709359169714,252432.984375,1392.0,363.375,4.75
860,309.8333333333333,127.0,443.1524066904698,196384.0555555556,1258.0,309.8333333333333,5.090909090909091
861,244.95833333333331,75.5,266.87972933618533,71224.78993055555,861.0,244.95833333333331,3.0
862,245.5,106.0,389.92819851865033,152044.0,1088.0,245.5,4.136363636363637
863,392.2916666666667,135.0,751.9746493492244,565465.873263889,1197.0,392.2916666666667,2.3684210526315788
865,189.41666666666663,76.5,270.0879357830622,72947.49305555555,896.0,189.41666666666663,3.3
866,199.5217391304348,65.0,355.8872402718026,126655.72778827976,617.0,199.5217391304348,6.0
867,327.6666666666667,103.5,504.4961733144156,254516.3888888889,987.0,327.6666666666667,3.0476190476190474
868,189.04166666666663,55.0,277.4913631038311,77001.45659722222,700.0,189.04166666666663,3.5217391304347827
869,217.70833333333331,81.0,276.6603632565067,76540.95659722222,744.0,217.70833333333331,1.6363636363636365
870,309.0,199.0,400.23368174105485,160187.0,1156.0,309.0,5.5
872,291.375,213.5,286.89949060312625,82311.31770833333,1581.0,291.375,3.9473684210526314
873,245.625,125.0,342.29784940652684,117167.81770833331,1433.0,245.625,4.578947368421052
875,224.125,109.0,306.9904059982983,94243.109375,818.0,224.125,2.5
876,239.66666666666663,133.5,298.2217668484684,88936.22222222223,1093.0,239.66666666666663,4.1875
877,295.125,213.0,266.6436936719112,71098.859375,1466.0,295.125,3.0
878,301.7083333333333,103.0,527.7313457280029,278500.37326388893,1031.0,301.7083333333333,4.842105263157895
880,170.0909090909091,129.0,182.19542681889413,33195.173553719,1152.0,170.0909090909091,4.222222222222222
881,235.27272727272728,102.0,254.6996773061064,64871.92561983472,1664.0,235.27272727272728,2.111111111111111
882,188.45454545454547,135.0,199.51685444245447,39806.97520661157,1168.0,188.45454545454547,3.619047619047619
883,197.8181818181818,98.5,280.2564793450386,78543.69421487606,1301.0,197.8181818181818,3.210526315789474
885,217.8181818181818,111.0,264.1865106259104,69794.51239669422,1841.0,217.8181818181818,3.35
886,284.1363636363636,160.0,365.5018089066723,133591.57231404958,1372.0,284.1363636363636,4.3
887,213.63636363636363,105.0,287.3747229750012,82584.23140495867,871.0,213.63636363636363,2.5789473684210527
888,209.5,115.5,239.0556705798121,57147.61363636364,1157.0,209.5,3.6315789473684212
890,169.3181818181818,72.0,244.986898789532,60018.5805785124,820.0,169.3181818181818,1.7
891,276.77272727272725,125.5,334.8497535283795,112124.35743801652,1566.0,276.77272727272725,3.55
892,187.27272727272728,85.5,226.7289494725489,51406.016528925626,1125.0,187.27272727272728,3.55
893,183.77272727272728,137.0,220.98394261249388,48833.90289256199,912.0,183.77272727272728,2.9473684210526314
894,182.6818181818182,117.0,200.29713980702775,40118.94421487603,1339.0,182.6818181818182,3.473684210526316
895,192.77272727272728,84.0,275.1726617991927,75719.9938016529,1032.0,192.77272727272728,2.5714285714285716
896,230.13636363636363,102.0,295.6935292209495,87434.6632231405,1693.0,230.13636363636363,1.9047619047619047
897,164.0,94.5,169.72062605673744,28805.090909090908,1347.0,164.0,3.473684210526316
899,328.3636363636364,291.5,325.6876006591907,106072.41322314048,2893.0,328.3636363636364,3.8
900,214.9090909090909,155.5,212.22520394638016,45039.53719008265,1538.0,214.9090909090909,3.823529411764706
903,261.04545454545456,149.0,352.68238057811726,124384.86157024791,1766.0,261.04545454545456,4.615384615384615
905,177.9090909090909,118.0,205.17994521238023,42098.80991735537,898.0,177.9090909090909,2.6666666666666665
906,670.6818181818181,348.0,663.7577862144675,440574.3987603307,3296.0,670.6818181818181,3.5294117647058822
909,402.1363636363636,219.0,468.1017076209891,219119.20867768597,3681.0,402.1363636363636,3.388888888888889
910,202.4090909090909,146.5,195.4816101769048,38213.05991735537,1754.0,202.4090909090909,2.263157894736842
911,300.27272727272725,129.5,423.2707259402858,179158.10743801654,1245.0,300.27272727272725,3.176470588235294
912,226.13636363636363,139.0,210.89685015418956,44477.48140495868,2042.0,226.13636363636363,3.1904761904761907
913,252.9047619047619,156.0,275.8303316933911,76082.37188208615,1591.0,252.9047619047619,2.6315789473684212
914,200.66666666666663,93.5,187.3045648135677,35083.0,2311.0,200.66666666666663,1.7857142857142858
915,122.77777777777776,76.0,155.86196013551205,24292.950617283943,1076.0,122.77777777777776,2.5294117647058822
916,230.75,79.0,376.3070388658708,141606.9875,1624.0,230.75,2.933333333333333
917,317.22222222222223,106.0,509.50450391156784,259594.83950617284,2399.0,317.22222222222223,2.8181818181818183
919,353.0,153.0,609.3846076165692,371349.6,2345.0,353.0,2.0
921,367.85,243.0,585.8851657961652,343261.42750000005,2011.0,367.85,2.2222222222222223
922,290.3,195.5,445.16593535444736,198172.71,1710.0,290.3,1.8125
924,345.65,177.5,481.2961951854596,231646.0275,1465.0,345.65,2.2857142857142856
925,356.45,122.5,598.8081057400609,358571.1475,1501.0,356.45,2.923076923076923
926,296.45,143.0,515.0779043018638,265305.2475,1785.0,296.45,4.8125
927,295.1,114.0,396.0751065139035,156875.49000000002,1868.0,295.1,4.0625
929,381.9,119.0,783.2166303137337,613428.2899999999,1920.0,381.9,3.2
932,540.45,322.5,623.390204847654,388615.3475,3074.0,540.45,4.833333333333333
935,359.85,193.0,552.2019807099572,304927.0275,2245.0,359.85,2.3333333333333335
936,263.8636363636364,151.0,311.20809983828934,96850.48140495869,2028.0,263.8636363636364,3.4375
937,222.5,180.0,210.7147468628016,44400.704545454544,2263.0,222.5,3.4375
939,190.0909090909091,102.0,192.85767458057796,37194.0826446281,2173.0,190.0909090909091,4.111111111111111
940,179.04545454545453,177.0,118.48033103842684,14037.588842975209,1981.0,179.04545454545453,3.764705882352941
943,176.0909090909091,87.5,228.36671248651984,52151.35537190081,2167.0,176.0909090909091,3.0588235294117645
944,100.8181818181818,39.5,113.67682915881892,12922.421487603307,1337.0,100.8181818181818,4.0
947,130.6818181818182,106.0,124.70597651481022,15551.580578512396,1252.0,130.6818181818182,1.9
950,296.90909090909093,192.5,267.3836040888394,71493.9917355372,1998.0,296.90909090909093,3.5555555555555554
951,195.6818181818182,125.0,198.1318170868797,39256.21694214876,1591.0,195.6818181818182,3.875
952,132.45454545454547,93.0,153.0406147140886,23421.42975206612,1508.0,132.45454545454547,2.272727272727273
953,173.04545454545453,189.0,129.35064299405397,16731.588842975205,2215.0,173.04545454545453,3.7777777777777777
955,133.86363636363637,91.0,145.41954834657656,21146.845041322315,1530.0,133.86363636363637,3.125
956,176.45454545454547,114.0,172.13095629694988,29629.06611570247,2289.0,176.45454545454547,2.0588235294117645
957,302.8,276.5,271.76894598169235,73858.36000000002,2324.0,302.8,1.3846153846153846
958,190.9,140.0,214.0527738666332,45818.59,2308.0,190.9,4.2
959,206.55,210.0,170.32130665304328,29009.347500000003,2130.0,206.55,2.357142857142857
960,221.3,118.5,270.9653298855778,73422.20999999999,2178.0,221.3,1.8125
961,179.85,92.5,213.37906996704243,45530.6275,2073.0,179.85,4.125
962,154.9,107.0,159.58724886406182,25468.090000000004,1275.0,154.9,2.6
963,167.55,152.5,119.66974346090994,14320.847499999998,1812.0,167.55,3.4
965,138.0,124.0,104.94760597555334,11014.0,1299.0,138.0,2.533333333333333
967,184.8,104.0,202.3537990747888,40947.060000000005,2035.0,184.8,2.1176470588235294
968,256.3,207.0,243.71173545810225,59395.41000000001,2453.0,256.3,3.0588235294117645
969,434.75,159.0,523.7463961689856,274310.2875,2920.0,434.75,3.111111111111111
970,303.95,243.5,246.06004856538573,60545.54749999999,2335.0,303.95,5.083333333333333
972,228.3,177.0,174.71951808541596,30526.91,2430.0,228.3,2.8666666666666667
973,214.3,136.0,273.6461401152956,74882.20999999999,1899.0,214.3,2.625
976,212.0,177.0,200.25034332055463,40100.2,2319.0,212.0,1.6111111111111112
977,206.55,152.0,222.1214701464044,49337.9475,2368.0,206.55,2.3333333333333335
978,177.25,89.5,201.6035403955,40643.9875,1844.0,177.25,3.6470588235294117
979,190.95,168.0,148.54779533873938,22066.4475,1724.0,190.95,2.5
981,213.26315789473685,140.0,224.75058505989375,50512.825484764544,1617.0,213.26315789473685,2.9285714285714284
982,135.94736842105263,70.0,156.03524355066995,24346.9972299169,1411.0,135.94736842105263,2.5789473684210527
983,201.52631578947367,93.0,264.1732622075405,69787.51246537396,1631.0,201.52631578947367,2.0588235294117645
984,185.0,120.5,175.6214679360129,30842.9,2026.0,185.0,2.411764705882353
985,117.45,73.0,127.85635494569678,16347.2475,1546.0,117.45,3.5
987,159.45,146.5,118.67622971766504,14084.0475,1562.0,159.45,4.1875
988,131.75,106.5,107.50575565987153,11557.4875,1648.0,131.75,2.375
989,190.3,154.5,180.22516472457448,32481.110000000004,1819.0,190.3,3.466666666666667
990,148.3,69.5,183.25094815580084,33580.91000000001,2231.0,148.3,3.0
991,265.95,128.5,347.0643276108912,120453.6475,2435.0,265.95,2.473684210526316
992,252.5,204.5,204.68207053867712,41894.75,2130.0,252.5,3.111111111111111
993,172.65,105.5,178.98164011987376,32034.42750000001,2046.0,172.65,3.235294117647059
994,174.9,77.0,222.98338503126192,49721.59,2288.0,174.9,4.357142857142857
995,156.35,107.0,157.12997008845892,24689.8275,1483.0,156.35,2.625
996,116.0,65.5,131.5826736314474,17314.0,1193.0,116.0,2.4444444444444446
997,194.4,165.5,164.35400816530154,27012.24,1748.0,194.4,3.2
998,279.05,114.5,436.9590913346466,190933.2475,1945.0,279.05,2.5294117647058822
999,196.65,61.0,340.0413614547501,115628.1275,1177.0,196.65,3.8421052631578947
1001,248.0,138.0,360.8140795479024,130186.8,1441.0,248.0,1.3571428571428572
1002,242.4,171.5,269.92395225322264,72858.94,1893.0,242.4,1.0588235294117647
1003,179.25,111.0,177.53390521249736,31518.2875,1263.0,179.25,2.3684210526315788
1004,207.65,94.0,318.7143352596491,101578.82749999998,1495.0,207.65,1.7058823529411764
1005,244.3,209.0,245.45042269264889,60245.91,2089.0,244.3,2.3157894736842106
1006,160.15,111.0,159.4525869968876,25425.1275,1176.0,160.15,2.736842105263158
1007,158.2,85.0,231.74503230921687,53705.76,1252.0,158.2,3.2941176470588234
1009,187.6,135.0,187.4071503438436,35121.439999999995,1469.0,187.6,2.0526315789473686
1012,248.45,257.5,191.71475556148516,36754.5475,2047.0,248.45,2.3529411764705883
1015,271.05,155.0,320.51512834810154,102729.9475,1828.0,271.05,2.388888888888889
1016,193.0,124.5,221.6458887505022,49126.9,1527.0,193.0,2.0
1018,222.85,147.0,208.5455046266881,43491.22749999999,1931.0,222.85,2.526315789473684
1019,140.9,81.0,166.43614391111086,27700.99,1084.0,140.9,3.769230769230769
1021,158.35,88.0,193.75403866758492,37540.6275,2061.0,158.35,3.263157894736842
1022,170.1,122.0,173.53238890766184,30113.49,2024.0,170.1,2.8823529411764706
1023,166.95,108.0,193.5596742609369,37465.3475,1624.0,166.95,3.1052631578947367
1024,155.65,95.5,156.89941841829753,24617.4275,1500.0,155.65,1.4210526315789473
1025,153.1,128.5,122.12653274370804,14914.889999999996,1405.0,153.1,1.4705882352941178
1026,141.5,59.5,196.39539200296937,38571.15,1177.0,141.5,4.125
1027,110.2,57.5,124.12235898499512,15406.36,1378.0,110.2,3.1666666666666665
1028,198.15,134.0,226.8087906144733,51442.22750000001,1704.0,198.15,2.8333333333333335
1029,137.6,75.5,153.76163370620122,23642.64,1092.0,137.6,4.133333333333334
1030,115.55,96.0,100.9665662484369,10194.247499999998,980.0,115.55,2.4210526315789473
1031,129.95,97.0,129.74223483507595,16833.047499999997,1302.0,129.95,4.066666666666666
1033,145.9,94.5,146.62158776933225,21497.89,1354.0,145.9,3.1666666666666665
1034,102.45,62.0,115.23388173623242,13278.8475,564.0,102.45,4.0
1035,159.85,122.5,132.58102239762673,17577.727499999997,800.0,159.85,1.4210526315789473
1036,213.8,125.5,206.46806048394023,42629.06,1604.0,213.8,2.5
1038,147.2,106.0,128.16497181367458,16426.260000000002,1084.0,147.2,2.263157894736842
1039,153.3,92.5,181.8766340132784,33079.11,1225.0,153.3,1.5789473684210527
1040,137.47368421052633,109.0,138.29121387056742,19124.459833795016,1063.0,137.47368421052633,1.9444444444444444
1043,117.55,63.5,137.1890939542936,18820.8475,822.0,117.55,1.7222222222222223
1044,111.55,56.0,122.61952332316416,15035.5475,827.0,111.55,2.789473684210526
1045,151.4,95.5,153.83413145332864,23664.94,1080.0,151.4,1.7647058823529411
1046,184.3684210526316,84.0,254.0752500480529,64554.23268698061,1234.0,184.3684210526316,5.615384615384615
1047,445.7,161.0,895.5838933343989,802070.51,1329.0,445.7,1.263157894736842
1048,149.5,63.5,154.1400337355614,23759.15,1071.0,149.5,1.625
1049,158.05,111.0,133.3797117255844,17790.1475,1171.0,158.05,3.2
1051,279.05,184.0,290.9330636074216,84642.04750000002,1437.0,279.05,3.9
1052,194.3,187.0,186.67380641107636,34847.11,2008.0,194.3,1.588235294117647
1053,249.9,131.0,346.9543053487015,120377.29,1598.0,249.9,3.3333333333333335
1054,132.75,75.0,121.2468040815922,14700.7875,1179.0,132.75,1.8823529411764706
1055,251.6,122.5,522.8785136147784,273401.94,1319.0,251.6,3.4444444444444446
1056,148.1,67.5,221.184289677183,48922.49,726.0,148.1,3.1333333333333333
1057,178.8,92.0,208.1892408363122,43342.76,1300.0,178.8,3.0
1058,153.8,125.0,150.1880820837659,22556.46,1077.0,153.8,4.105263157894737
1062,133.10526315789474,64.0,145.83368130811934,21267.46260387812,1200.0,133.10526315789474,2.764705882352941
1063,158.25,94.5,146.90060415124233,21579.7875,1618.0,158.25,3.1666666666666665
1064,211.5,114.5,289.85780996895704,84017.55,1237.0,211.5,2.2941176470588234
1065,220.8,132.5,241.6666298850547,58402.76000000001,1814.0,220.8,3.0625
1066,763.8,236.5,1380.5287248007553,1905859.5599999996,2731.0,763.8,3.764705882352941
1067,215.05,106.0,224.5518815329767,50423.5475,2469.0,215.05,3.7142857142857144
1068,104.95,84.5,91.21539069696516,8320.247500000001,1159.0,104.95,2.0625
1069,146.1,121.5,120.15818740310624,14437.99,1908.0,146.1,2.4375
1070,109.65,71.0,98.06950341467014,9617.6275,821.0,109.65,4.1
1071,210.05,115.0,278.60015703513164,77618.0475,2007.0,210.05,4.764705882352941
1072,150.55,83.5,209.1658373157529,43750.3475,1085.0,150.55,2.2222222222222223
1073,142.2,111.0,169.51389323592326,28734.959999999992,1842.0,142.2,4.5625
1074,406.0,191.5,463.6191324783739,214942.7,2571.0,406.0,3.5714285714285716
1075,110.35,82.5,113.00233404669126,12769.5275,1250.0,110.35,2.0
1076,144.4,94.5,149.16916571463423,22251.44000000001,1963.0,144.4,3.4375
1077,169.6,152.5,142.50382451008113,20307.34,1235.0,169.6,2.3684210526315788
1078,274.0,59.5,628.76816077152,395349.4,706.0,274.0,3.4375
1079,111.5,72.5,107.97939618279035,11659.55,1221.0,111.5,2.6315789473684212
1080,123.65,69.0,130.63164815617998,17064.627500000002,1206.0,123.65,3.3529411764705883
1084,88.15,59.0,73.90620745241904,5462.1275000000005,929.0,88.15,2.9
1085,124.25,95.5,117.79638152337276,13875.9875,889.0,124.25,1.894736842105263
1086,121.35,59.0,158.88935615704406,25245.8275,957.0,121.35,3.5555555555555554
1087,230.85,197.0,203.6350350504549,41467.22749999999,1701.0,230.85,3.8333333333333335
1088,79.15,74.5,62.39332897033144,3892.9275,786.0,79.15,2.823529411764706
1090,131.95,77.5,173.60889234137747,30140.047499999997,577.0,131.95,3.5555555555555554
1091,849.9,520.5,1167.4293940106186,1362891.39,2673.0,849.9,2.0
1092,642.65,106.0,1127.2195560315656,1270623.9274999998,6181.0,642.65,4.1875
1093,128.3,63.0,137.3088125358311,18853.710000000003,1123.0,128.3,2.111111111111111
1094,120.65,97.0,104.8767252539857,10999.1275,1007.0,120.65,4.666666666666667
1096,182.7,133.0,143.4705893205991,20583.81,1280.0,182.7,2.9375
1097,105.2,68.0,98.39237775356382,9681.06,744.0,105.2,2.5
1099,62.7,36.0,67.61516102177086,4571.81,354.0,62.7,3.7142857142857144
1100,186.05,96.5,343.5467180748493,118024.3475,829.0,186.05,5.631578947368421
1102,89.15,63.0,88.79767733448888,7885.027500000001,686.0,89.15,2.3
1104,119.63157894736842,103.0,101.25434910805755,10252.4432132964,873.0,119.63157894736842,2.8125
1105,97.3,70.0,103.68370170860992,10750.31,1216.0,97.3,1.6470588235294117
1106,134.9,102.0,143.43705936751493,20574.19,1005.0,134.9,2.4375
1107,79.15,76.0,72.34727016273662,5234.1275000000005,905.0,79.15,2.789473684210526
1109,137.9,67.5,149.56099090337693,22368.49,678.0,137.9,0.625
1110,127.5,72.0,141.42754328630616,20001.75,917.0,127.5,3.1538461538461537
1111,106.3,70.0,110.66395076988712,12246.51,726.0,106.3,1.4736842105263157
1112,87.35,55.5,97.15054039993808,9438.227499999995,960.0,87.35,3.210526315789474
1113,699.25,136.0,1232.6174538355365,1519345.7875,911.0,699.25,1.7647058823529411
1114,146.95,68.0,287.7119175494821,82778.14749999998,975.0,146.95,2.6315789473684212
1115,230.8,119.5,266.8856684050307,71227.95999999999,1301.0,230.8,2.3333333333333335
1117,105.9,53.0,111.8288424334259,12505.69,1012.0,105.9,2.0
1119,126.45,96.0,120.99275804774432,14639.2475,764.0,126.45,2.3684210526315788
1120,94.9,48.5,98.2379254666954,9650.69,1009.0,94.9,3.2777777777777777
1121,106.3,90.0,116.86962821879771,13658.51,1049.0,106.3,2.3125
1122,442.9,261.0,514.8533674746627,265073.99000000005,2929.0,442.9,4.2
1123,108.6,97.5,91.15722681170156,8309.64,750.0,108.6,2.0588235294117645
1124,109.7,60.5,109.35542967772564,11958.61,905.0,109.7,2.7333333333333334
1125,75.5,59.5,59.75156901705594,3570.25,669.0,75.5,3.764705882352941
